finding_id,module,classification,core_artifact_id,core_path,mxx_authority_artifact,semantic_delta_or_resolution,step13_evidence_artifact,successor_core_location,disposition,core_detail_retained,mxx_valid_detail_retained,approved_conflict_update_applied,whole_artifact_replacement,silent_deletion,provenance_complete,physical_runtime_status,successor_semantic_presence,successor_propagation_status,p7_execution_wp,p7_execution_batch
M08-IA-01,M08,PRESERVE,CAM11-0032,12_API/W4-02A.6.16_API_SPECIFICATION_CURRENT_API_CONTRACT_BASELINE_FULL_CONSOLIDATED_v2.1.docx,RUMAHAGEN_WF03_M08_FULL_REBUILD_CONTROLLED_v1.0.zip,Dashboard Projection,STEP13-G_SUCCESSOR_INTEGRATED_SYSTEM_RECONCILIATION_FULL_v1.1.md,CANON-CAM11-0032,PRESERVE,YES,,,NO,NO,PASS,EVIDENCE-GATED / NOT VERIFIED unless explicit evidence exists; no invented runtime proof.,EXPLICIT_INTEGRATED_CANDIDATE,TRACEABLE_AND_INCORPORATED,M08-P4-WP01,B07
M08-IA-02,M08,PRESERVE,CAM11-0032,12_API/W4-02A.6.16_API_SPECIFICATION_CURRENT_API_CONTRACT_BASELINE_FULL_CONSOLIDATED_v2.1.docx,RUMAHAGEN_WF03_M08_FULL_REBUILD_CONTROLLED_v1.0.zip,Notification State,STEP13-G_SUCCESSOR_INTEGRATED_SYSTEM_RECONCILIATION_FULL_v1.1.md,CANON-CAM11-0032,PRESERVE,YES,,,NO,NO,PASS,EVIDENCE-GATED / NOT VERIFIED unless explicit evidence exists; no invented runtime proof.,EXPLICIT_INTEGRATED_CANDIDATE,TRACEABLE_AND_INCORPORATED,M08-P4-WP02,B07
M08-IA-03,M08,PRESERVE,CAM11-0032,12_API/W4-02A.6.16_API_SPECIFICATION_CURRENT_API_CONTRACT_BASELINE_FULL_CONSOLIDATED_v2.1.docx,RUMAHAGEN_WF03_M08_FULL_REBUILD_CONTROLLED_v1.0.zip,Source-domain visibility,STEP13-G_SUCCESSOR_INTEGRATED_SYSTEM_RECONCILIATION_FULL_v1.1.md,CANON-CAM11-0032,PRESERVE,YES,,,NO,NO,PASS,EVIDENCE-GATED / NOT VERIFIED unless explicit evidence exists; no invented runtime proof.,EXPLICIT_INTEGRATED_CANDIDATE,TRACEABLE_AND_INCORPORATED,M08-P4-WP03,B07
M08-IA-04,M08,PRESERVE,CAM11-0032,12_API/W4-02A.6.16_API_SPECIFICATION_CURRENT_API_CONTRACT_BASELINE_FULL_CONSOLIDATED_v2.1.docx,RUMAHAGEN_WF03_M08_FULL_REBUILD_CONTROLLED_v1.0.zip,Notification reference protection,STEP13-G_SUCCESSOR_INTEGRATED_SYSTEM_RECONCILIATION_FULL_v1.1.md,CANON-CAM11-0032,PRESERVE,YES,,,NO,NO,PASS,EVIDENCE-GATED / NOT VERIFIED unless explicit evidence exists; no invented runtime proof.,EXPLICIT_INTEGRATED_CANDIDATE,TRACEABLE_AND_INCORPORATED,M08-P4-WP02,B07
M08-IA-05,M08,PRESERVE,CAM11-0032,12_API/W4-02A.6.16_API_SPECIFICATION_CURRENT_API_CONTRACT_BASELINE_FULL_CONSOLIDATED_v2.1.docx,RUMAHAGEN_WF03_M08_FULL_REBUILD_CONTROLLED_v1.0.zip,M10 boundary,STEP13-G_SUCCESSOR_INTEGRATED_SYSTEM_RECONCILIATION_FULL_v1.1.md,CANON-CAM11-0032,PRESERVE,YES,,,NO,NO,PASS,EVIDENCE-GATED / NOT VERIFIED unless explicit evidence exists; no invented runtime proof.,EXPLICIT_INTEGRATED_CANDIDATE,TRACEABLE_AND_INCORPORATED,M08-P4-WP01,B07
M08-IA-06,M08,PRESERVE,CAM11-0032,12_API/W4-02A.6.16_API_SPECIFICATION_CURRENT_API_CONTRACT_BASELINE_FULL_CONSOLIDATED_v2.1.docx,RUMAHAGEN_WF03_M08_FULL_REBUILD_CONTROLLED_v1.0.zip,Notification state representation,STEP13-G_SUCCESSOR_INTEGRATED_SYSTEM_RECONCILIATION_FULL_v1.1.md,CANON-CAM11-0032,PRESERVE,YES,,,NO,NO,PASS,EVIDENCE-GATED / NOT VERIFIED unless explicit evidence exists; no invented runtime proof.,EXPLICIT_INTEGRATED_CANDIDATE,TRACEABLE_AND_INCORPORATED,M08-P4-WP02,B07
M08-IA-07,M08,PRESERVE,CAM11-0032,12_API/W4-02A.6.16_API_SPECIFICATION_CURRENT_API_CONTRACT_BASELINE_FULL_CONSOLIDATED_v2.1.docx,RUMAHAGEN_WF03_M08_FULL_REBUILD_CONTROLLED_v1.0.zip,Notification operations,STEP13-G_SUCCESSOR_INTEGRATED_SYSTEM_RECONCILIATION_FULL_v1.1.md,CANON-CAM11-0032,PRESERVE,YES,,,NO,NO,PASS,EVIDENCE-GATED / NOT VERIFIED unless explicit evidence exists; no invented runtime proof.,EXPLICIT_INTEGRATED_CANDIDATE,TRACEABLE_AND_INCORPORATED,M08-P4-WP02,B07
M08-IA-08,M08,PRESERVE,CAM11-0032,12_API/W4-02A.6.16_API_SPECIFICATION_CURRENT_API_CONTRACT_BASELINE_FULL_CONSOLIDATED_v2.1.docx,RUMAHAGEN_WF03_M08_FULL_REBUILD_CONTROLLED_v1.0.zip,Admin notification push,STEP13-G_SUCCESSOR_INTEGRATED_SYSTEM_RECONCILIATION_FULL_v1.1.md,CANON-CAM11-0032,PRESERVE,YES,,,NO,NO,PASS,EVIDENCE-GATED / NOT VERIFIED unless explicit evidence exists; no invented runtime proof.,EXPLICIT_INTEGRATED_CANDIDATE,TRACEABLE_AND_INCORPORATED,M08-P4-WP02,B07
M08-IA-09,M08,PRESERVE,CAM11-0032,12_API/W4-02A.6.16_API_SPECIFICATION_CURRENT_API_CONTRACT_BASELINE_FULL_CONSOLIDATED_v2.1.docx,RUMAHAGEN_WF03_M08_FULL_REBUILD_CONTROLLED_v1.0.zip,Event/status producers,STEP13-G_SUCCESSOR_INTEGRATED_SYSTEM_RECONCILIATION_FULL_v1.1.md,CANON-CAM11-0032,PRESERVE,YES,,,NO,NO,PASS,EVIDENCE-GATED / NOT VERIFIED unless explicit evidence exists; no invented runtime proof.,EXPLICIT_INTEGRATED_CANDIDATE,TRACEABLE_AND_INCORPORATED,M08-P4-WP01,B07
M08-IA-10,M08,PRESERVE,CAM11-0032,12_API/W4-02A.6.16_API_SPECIFICATION_CURRENT_API_CONTRACT_BASELINE_FULL_CONSOLIDATED_v2.1.docx,RUMAHAGEN_WF03_M08_FULL_REBUILD_CONTROLLED_v1.0.zip,Actor lifecycle,STEP13-G_SUCCESSOR_INTEGRATED_SYSTEM_RECONCILIATION_FULL_v1.1.md,CANON-CAM11-0032,PRESERVE,YES,,,NO,NO,PASS,EVIDENCE-GATED / NOT VERIFIED unless explicit evidence exists; no invented runtime proof.,EXPLICIT_INTEGRATED_CANDIDATE,TRACEABLE_AND_INCORPORATED,M08-P4-WP01,B07
M08-IA-11,M08,PRESERVE,CAM11-0032,12_API/W4-02A.6.16_API_SPECIFICATION_CURRENT_API_CONTRACT_BASELINE_FULL_CONSOLIDATED_v2.1.docx,RUMAHAGEN_WF03_M08_FULL_REBUILD_CONTROLLED_v1.0.zip,Projection boundary,STEP13-G_SUCCESSOR_INTEGRATED_SYSTEM_RECONCILIATION_FULL_v1.1.md,CANON-CAM11-0032,PRESERVE,YES,,,NO,NO,PASS,EVIDENCE-GATED / NOT VERIFIED unless explicit evidence exists; no invented runtime proof.,EXPLICIT_INTEGRATED_CANDIDATE,TRACEABLE_AND_INCORPORATED,M08-P4-WP01,B07
M08-IA-12,M08,PRESERVE,CAM11-0032,12_API/W4-02A.6.16_API_SPECIFICATION_CURRENT_API_CONTRACT_BASELINE_FULL_CONSOLIDATED_v2.1.docx,RUMAHAGEN_WF03_M08_FULL_REBUILD_CONTROLLED_v1.0.zip,Idempotency/retry,STEP13-G_SUCCESSOR_INTEGRATED_SYSTEM_RECONCILIATION_FULL_v1.1.md,CANON-CAM11-0032,PRESERVE,YES,,,NO,NO,PASS,EVIDENCE-GATED / NOT VERIFIED unless explicit evidence exists; no invented runtime proof.,EXPLICIT_INTEGRATED_CANDIDATE,TRACEABLE_AND_INCORPORATED,M08-P4-WP01,B07
M08-IA-13,M08,PRESERVE,CAM11-0032,12_API/W4-02A.6.16_API_SPECIFICATION_CURRENT_API_CONTRACT_BASELINE_FULL_CONSOLIDATED_v2.1.docx,RUMAHAGEN_WF03_M08_FULL_REBUILD_CONTROLLED_v1.0.zip,Provenance/audit,STEP13-G_SUCCESSOR_INTEGRATED_SYSTEM_RECONCILIATION_FULL_v1.1.md,CANON-CAM11-0032,PRESERVE,YES,,,NO,NO,PASS,EVIDENCE-GATED / NOT VERIFIED unless explicit evidence exists; no invented runtime proof.,EXPLICIT_INTEGRATED_CANDIDATE,TRACEABLE_AND_INCORPORATED,M08-P4-WP01,B07
M08-IA-14,M08,PRESERVE,CAM11-0032,12_API/W4-02A.6.16_API_SPECIFICATION_CURRENT_API_CONTRACT_BASELINE_FULL_CONSOLIDATED_v2.1.docx,RUMAHAGEN_WF03_M08_FULL_REBUILD_CONTROLLED_v1.0.zip,Supersession,STEP13-G_SUCCESSOR_INTEGRATED_SYSTEM_RECONCILIATION_FULL_v1.1.md,CANON-CAM11-0032,PRESERVE,YES,,,NO,NO,PASS,EVIDENCE-GATED / NOT VERIFIED unless explicit evidence exists; no invented runtime proof.,EXPLICIT_INTEGRATED_CANDIDATE,TRACEABLE_AND_INCORPORATED,M08-P4-WP01,B07
M08-IA-15,M08,PRESERVE,CAM11-0032,12_API/W4-02A.6.16_API_SPECIFICATION_CURRENT_API_CONTRACT_BASELINE_FULL_CONSOLIDATED_v2.1.docx,RUMAHAGEN_WF03_M08_FULL_REBUILD_CONTROLLED_v1.0.zip,Physical/runtime gate,STEP13-G_SUCCESSOR_INTEGRATED_SYSTEM_RECONCILIATION_FULL_v1.1.md,CANON-CAM11-0032,PRESERVE,YES,,,NO,NO,PASS,EVIDENCE-GATED / NOT VERIFIED unless explicit evidence exists; no invented runtime proof.,EXPLICIT_INTEGRATED_CANDIDATE,TRACEABLE_AND_INCORPORATED,M08-P4-WP01,B07
M08-IA-16,M08,PRESERVE,CAM11-0032,12_API/W4-02A.6.16_API_SPECIFICATION_CURRENT_API_CONTRACT_BASELINE_FULL_CONSOLIDATED_v2.1.docx,RUMAHAGEN_WF03_M08_FULL_REBUILD_CONTROLLED_v1.0.zip,Permission cardinality,STEP13-G_SUCCESSOR_INTEGRATED_SYSTEM_RECONCILIATION_FULL_v1.1.md,CANON-CAM11-0032,PRESERVE,YES,,,NO,NO,PASS,EVIDENCE-GATED / NOT VERIFIED unless explicit evidence exists; no invented runtime proof.,EXPLICIT_INTEGRATED_CANDIDATE,TRACEABLE_AND_INCORPORATED,M08-P4-WP01,B07
M08-IA-17,M08,PRESERVE,CAM11-0032,12_API/W4-02A.6.16_API_SPECIFICATION_CURRENT_API_CONTRACT_BASELINE_FULL_CONSOLIDATED_v2.1.docx,RUMAHAGEN_WF03_M08_FULL_REBUILD_CONTROLLED_v1.0.zip,Source authority preservation,STEP13-G_SUCCESSOR_INTEGRATED_SYSTEM_RECONCILIATION_FULL_v1.1.md,CANON-CAM11-0032,PRESERVE,YES,,,NO,NO,PASS,EVIDENCE-GATED / NOT VERIFIED unless explicit evidence exists; no invented runtime proof.,EXPLICIT_INTEGRATED_CANDIDATE,TRACEABLE_AND_INCORPORATED,M08-P4-WP03,B07
M08-IA-18,M08,CONTROLLED,CAM11-0032,12_API/W4-02A.6.16_API_SPECIFICATION_CURRENT_API_CONTRACT_BASELINE_FULL_CONSOLIDATED_v2.1.docx,RUMAHAGEN_WF03_M08_FULL_REBUILD_CONTROLLED_v1.0.zip,Master progress,STEP13-G_SUCCESSOR_INTEGRATED_SYSTEM_RECONCILIATION_FULL_v1.1.md,CANON-CAM11-0032,CONTROLLED,YES,,,NO,NO,PASS,EVIDENCE-GATED / NOT VERIFIED unless explicit evidence exists; no invented runtime proof.,EXPLICIT_INTEGRATED_CANDIDATE,TRACEABLE_CONTROLLED,M08-P4-WP01,B07
PROP-M09-01,M09,CONTROLLED,CAM11-0032,12_API/W4-02A.6.16_API_SPECIFICATION_CURRENT_API_CONTRACT_BASELINE_FULL_CONSOLIDATED_v2.1.docx,RUMAHAGEN_WF03_M09_FULL_REBUILD_CONTROLLED_v1.1_FULL_VERSION.zip,Core API /admin/reports/export,STEP13-G_SUCCESSOR_INTEGRATED_SYSTEM_RECONCILIATION_FULL_v1.1.md,CANON-CAM11-0032,CONTROLLED,YES,,,NO,NO,PASS,EVIDENCE-GATED / NOT VERIFIED unless explicit evidence exists; no invented runtime proof.,EXPLICIT_INTEGRATED_CANDIDATE,TRACEABLE_CONTROLLED,M09-P4-WP04,B03
PROP-M09-02,M09,CONTROLLED,CAM11-0032,12_API/W4-02A.6.16_API_SPECIFICATION_CURRENT_API_CONTRACT_BASELINE_FULL_CONSOLIDATED_v2.1.docx,RUMAHAGEN_WF03_M09_FULL_REBUILD_CONTROLLED_v1.1_FULL_VERSION.zip,Core API /admin/audit-logs,STEP13-G_SUCCESSOR_INTEGRATED_SYSTEM_RECONCILIATION_FULL_v1.1.md,CANON-CAM11-0032,CONTROLLED,YES,,,NO,NO,PASS,EVIDENCE-GATED / NOT VERIFIED unless explicit evidence exists; no invented runtime proof.,EXPLICIT_INTEGRATED_CANDIDATE,TRACEABLE_CONTROLLED,M09-P4-WP04,B03
PROP-M09-03,M09,CONTROLLED,CAM11-0041,21_EXECUTION_SPECIFICATION/W4-02A.6.25_MODULE_EXECUTION_SPECIFICATION_ARCHITECTURE_v2.1.md,RUMAHAGEN_WF03_M09_FULL_REBUILD_CONTROLLED_v1.1_FULL_VERSION.zip,Core M09 physical execution spec,STEP13-G_SUCCESSOR_INTEGRATED_SYSTEM_RECONCILIATION_FULL_v1.1.md,CANON-CAM11-0041,CONTROLLED,YES,,,NO,NO,PASS,EVIDENCE-GATED / NOT VERIFIED unless explicit evidence exists; no invented runtime proof.,EXPLICIT_INTEGRATED_CANDIDATE,TRACEABLE_CONTROLLED,M09-P4-WP01,B03
PROP-M09-04,M09,CONTROLLED,CAM11-0033,13_RBAC_RLS/W4-02A.6.17_RBAC_PERMISSION_RLS_CURRENT_AUTHORIZATION_BASELINE_FULL_CONSOLIDATED_v2.1.docx,RUMAHAGEN_WF03_M09_FULL_REBUILD_CONTROLLED_v1.1_FULL_VERSION.zip,M10/RLS system_configs SELECT,STEP13-G_SUCCESSOR_INTEGRATED_SYSTEM_RECONCILIATION_FULL_v1.1.md,CANON-CAM11-0033,CONTROLLED,YES,,,NO,NO,PASS,EVIDENCE-GATED / NOT VERIFIED unless explicit evidence exists; no invented runtime proof.,EXPLICIT_INTEGRATED_CANDIDATE,TRACEABLE_CONTROLLED,M09-P4-WP02,B03
PROP-M09-05,M09,CONTROLLED,CAM11-0011,04_ARCHITECTURE/W4-02A.6.5_SYSTEM_ARCHITECTURE_FULL_CONSOLIDATED_v1.8.docx,RUMAHAGEN_WF03_M09_FULL_REBUILD_CONTROLLED_v1.1_FULL_VERSION.zip,Provider catalogue physical routing,STEP13-G_SUCCESSOR_INTEGRATED_SYSTEM_RECONCILIATION_FULL_v1.1.md,CANON-CAM11-0011,CONTROLLED,YES,,,NO,NO,PASS,EVIDENCE-GATED / NOT VERIFIED unless explicit evidence exists; no invented runtime proof.,EXPLICIT_INTEGRATED_CANDIDATE,TRACEABLE_CONTROLLED,M09-P4-WP02,B03
PROP-M09-06,M09,CONTROLLED,CAM11-0074,30_RECONCILIATION_EVIDENCE/W4-02A.5R_SOURCE_UPDATE_REVALIDATION_v1.1.docx,RUMAHAGEN_WF03_M09_FULL_REBUILD_CONTROLLED_v1.1_FULL_VERSION.zip,Reconciliation physical actions,STEP13-G_SUCCESSOR_INTEGRATED_SYSTEM_RECONCILIATION_FULL_v1.1.md,CANON-CAM11-0074,CONTROLLED,YES,,,NO,NO,PASS,EVIDENCE-GATED / NOT VERIFIED unless explicit evidence exists; no invented runtime proof.,EXPLICIT_INTEGRATED_CANDIDATE,TRACEABLE_CONTROLLED,M09-P4-WP01,B03
M10-CORE-01,M10,PRESERVE,CAM11-0016,09_ERD/W4-02A.6.13_ERD_CURRENT_LOGICAL_DATA_MODEL_FULL_CONSOLIDATED_v2.1.docx,RUMAHAGEN_WF03_M10_FULL_REBUILD_CONTROLLED_v1.1_FULL_VERSION.zip,Core RBAC,STEP13-G_SUCCESSOR_INTEGRATED_SYSTEM_RECONCILIATION_FULL_v1.1.md,CANON-CAM11-0016,PRESERVE,YES,,,NO,NO,PASS,EVIDENCE-GATED / NOT VERIFIED unless explicit evidence exists; no invented runtime proof.,EXPLICIT_INTEGRATED_CANDIDATE,TRACEABLE_AND_INCORPORATED,M10-P4-WP01,B02
M10-CORE-02,M10,AUGMENT,CAM11-0016,09_ERD/W4-02A.6.13_ERD_CURRENT_LOGICAL_DATA_MODEL_FULL_CONSOLIDATED_v2.1.docx,RUMAHAGEN_WF03_M10_FULL_REBUILD_CONTROLLED_v1.1_FULL_VERSION.zip,Core Permission,STEP13-G_SUCCESSOR_INTEGRATED_SYSTEM_RECONCILIATION_FULL_v1.1.md,CANON-CAM11-0016,AUGMENT,YES,YES,,NO,NO,PASS,EVIDENCE-GATED / NOT VERIFIED unless explicit evidence exists; no invented runtime proof.,EXPLICIT_INTEGRATED_CANDIDATE,TRACEABLE_AND_INCORPORATED,M10-P4-WP01,B02
M10-CORE-03,M10,AUGMENT,CAM11-0016,09_ERD/W4-02A.6.13_ERD_CURRENT_LOGICAL_DATA_MODEL_FULL_CONSOLIDATED_v2.1.docx,RUMAHAGEN_WF03_M10_FULL_REBUILD_CONTROLLED_v1.1_FULL_VERSION.zip,Core Scope,STEP13-G_SUCCESSOR_INTEGRATED_SYSTEM_RECONCILIATION_FULL_v1.1.md,CANON-CAM11-0016,AUGMENT,YES,YES,,NO,NO,PASS,EVIDENCE-GATED / NOT VERIFIED unless explicit evidence exists; no invented runtime proof.,EXPLICIT_INTEGRATED_CANDIDATE,TRACEABLE_AND_INCORPORATED,M10-P4-WP01,B02
M10-CORE-04,M10,AUGMENT,CAM11-0016,09_ERD/W4-02A.6.13_ERD_CURRENT_LOGICAL_DATA_MODEL_FULL_CONSOLIDATED_v2.1.docx,RUMAHAGEN_WF03_M10_FULL_REBUILD_CONTROLLED_v1.1_FULL_VERSION.zip,Core RLS,STEP13-G_SUCCESSOR_INTEGRATED_SYSTEM_RECONCILIATION_FULL_v1.1.md,CANON-CAM11-0016,AUGMENT,YES,YES,,NO,NO,PASS,EVIDENCE-GATED / NOT VERIFIED unless explicit evidence exists; no invented runtime proof.,EXPLICIT_INTEGRATED_CANDIDATE,TRACEABLE_AND_INCORPORATED,M10-P4-WP04,B02
M10-CORE-05,M10,AUGMENT,CAM11-0016,09_ERD/W4-02A.6.13_ERD_CURRENT_LOGICAL_DATA_MODEL_FULL_CONSOLIDATED_v2.1.docx,RUMAHAGEN_WF03_M10_FULL_REBUILD_CONTROLLED_v1.1_FULL_VERSION.zip,Core UI/UX,STEP13-G_SUCCESSOR_INTEGRATED_SYSTEM_RECONCILIATION_FULL_v1.1.md,CANON-CAM11-0016,AUGMENT,YES,YES,,NO,NO,PASS,EVIDENCE-GATED / NOT VERIFIED unless explicit evidence exists; no invented runtime proof.,EXPLICIT_INTEGRATED_CANDIDATE,TRACEABLE_AND_INCORPORATED,M10-P4-WP01,B02
M10-CORE-06,M10,AUGMENT,CAM11-0016,09_ERD/W4-02A.6.13_ERD_CURRENT_LOGICAL_DATA_MODEL_FULL_CONSOLIDATED_v2.1.docx,RUMAHAGEN_WF03_M10_FULL_REBUILD_CONTROLLED_v1.1_FULL_VERSION.zip,Core API,STEP13-G_SUCCESSOR_INTEGRATED_SYSTEM_RECONCILIATION_FULL_v1.1.md,CANON-CAM11-0016,AUGMENT,YES,YES,,NO,NO,PASS,EVIDENCE-GATED / NOT VERIFIED unless explicit evidence exists; no invented runtime proof.,EXPLICIT_INTEGRATED_CANDIDATE,TRACEABLE_AND_INCORPORATED,M10-P4-WP01,B02
M10-CORE-07,M10,AUGMENT,CAM11-0016,09_ERD/W4-02A.6.13_ERD_CURRENT_LOGICAL_DATA_MODEL_FULL_CONSOLIDATED_v2.1.docx,RUMAHAGEN_WF03_M10_FULL_REBUILD_CONTROLLED_v1.1_FULL_VERSION.zip,Core ERD / DB,STEP13-G_SUCCESSOR_INTEGRATED_SYSTEM_RECONCILIATION_FULL_v1.1.md,CANON-CAM11-0016,AUGMENT,YES,YES,,NO,NO,PASS,EVIDENCE-GATED / NOT VERIFIED unless explicit evidence exists; no invented runtime proof.,EXPLICIT_INTEGRATED_CANDIDATE,TRACEABLE_AND_INCORPORATED,M10-P4-WP01,B02
M10-CORE-08,M10,PRESERVE,CAM11-0016,09_ERD/W4-02A.6.13_ERD_CURRENT_LOGICAL_DATA_MODEL_FULL_CONSOLIDATED_v2.1.docx,RUMAHAGEN_WF03_M10_FULL_REBUILD_CONTROLLED_v1.1_FULL_VERSION.zip,Core lifecycle,STEP13-G_SUCCESSOR_INTEGRATED_SYSTEM_RECONCILIATION_FULL_v1.1.md,CANON-CAM11-0016,PRESERVE,YES,,,NO,NO,PASS,EVIDENCE-GATED / NOT VERIFIED unless explicit evidence exists; no invented runtime proof.,EXPLICIT_INTEGRATED_CANDIDATE,TRACEABLE_AND_INCORPORATED,M10-P4-WP01,B02
M10-CORE-09,M10,PRESERVE,CAM11-0016,09_ERD/W4-02A.6.13_ERD_CURRENT_LOGICAL_DATA_MODEL_FULL_CONSOLIDATED_v2.1.docx,RUMAHAGEN_WF03_M10_FULL_REBUILD_CONTROLLED_v1.1_FULL_VERSION.zip,Core actor/role,STEP13-G_SUCCESSOR_INTEGRATED_SYSTEM_RECONCILIATION_FULL_v1.1.md,CANON-CAM11-0016,PRESERVE,YES,,,NO,NO,PASS,EVIDENCE-GATED / NOT VERIFIED unless explicit evidence exists; no invented runtime proof.,EXPLICIT_INTEGRATED_CANDIDATE,TRACEABLE_AND_INCORPORATED,M10-P4-WP01,B02
M10-CORE-10,M10,PRESERVE,CAM11-0016,09_ERD/W4-02A.6.13_ERD_CURRENT_LOGICAL_DATA_MODEL_FULL_CONSOLIDATED_v2.1.docx,RUMAHAGEN_WF03_M10_FULL_REBUILD_CONTROLLED_v1.1_FULL_VERSION.zip,Core organization boundary,STEP13-G_SUCCESSOR_INTEGRATED_SYSTEM_RECONCILIATION_FULL_v1.1.md,CANON-CAM11-0016,PRESERVE,YES,,,NO,NO,PASS,EVIDENCE-GATED / NOT VERIFIED unless explicit evidence exists; no invented runtime proof.,EXPLICIT_INTEGRATED_CANDIDATE,TRACEABLE_AND_INCORPORATED,M10-P4-WP03,B02
M10-CORE-11,M10,PRESERVE,CAM11-0016,09_ERD/W4-02A.6.13_ERD_CURRENT_LOGICAL_DATA_MODEL_FULL_CONSOLIDATED_v2.1.docx,RUMAHAGEN_WF03_M10_FULL_REBUILD_CONTROLLED_v1.1_FULL_VERSION.zip,Core ownership boundary,STEP13-G_SUCCESSOR_INTEGRATED_SYSTEM_RECONCILIATION_FULL_v1.1.md,CANON-CAM11-0016,PRESERVE,YES,,,NO,NO,PASS,EVIDENCE-GATED / NOT VERIFIED unless explicit evidence exists; no invented runtime proof.,EXPLICIT_INTEGRATED_CANDIDATE,TRACEABLE_AND_INCORPORATED,M10-P4-WP03,B02
M10-CORE-12,M10,AUGMENT,CAM11-0016,09_ERD/W4-02A.6.13_ERD_CURRENT_LOGICAL_DATA_MODEL_FULL_CONSOLIDATED_v2.1.docx,RUMAHAGEN_WF03_M10_FULL_REBUILD_CONTROLLED_v1.1_FULL_VERSION.zip,Core cross-module authorization,STEP13-G_SUCCESSOR_INTEGRATED_SYSTEM_RECONCILIATION_FULL_v1.1.md,CANON-CAM11-0016,AUGMENT,YES,YES,,NO,NO,PASS,EVIDENCE-GATED / NOT VERIFIED unless explicit evidence exists; no invented runtime proof.,EXPLICIT_INTEGRATED_CANDIDATE,TRACEABLE_AND_INCORPORATED,M10-P4-WP01,B02
M10-CORE-13,M10,CONTROLLED,CAM11-0016,09_ERD/W4-02A.6.13_ERD_CURRENT_LOGICAL_DATA_MODEL_FULL_CONSOLIDATED_v2.1.docx,RUMAHAGEN_WF03_M10_FULL_REBUILD_CONTROLLED_v1.1_FULL_VERSION.zip,Core implementation/downstream,STEP13-G_SUCCESSOR_INTEGRATED_SYSTEM_RECONCILIATION_FULL_v1.1.md,CANON-CAM11-0016,CONTROLLED,YES,,,NO,NO,PASS,EVIDENCE-GATED / NOT VERIFIED unless explicit evidence exists; no invented runtime proof.,EXPLICIT_INTEGRATED_CANDIDATE,TRACEABLE_CONTROLLED,M10-P4-WP01,B02
M10-CORE-14,M10,PRESERVE,CAM11-0016,09_ERD/W4-02A.6.13_ERD_CURRENT_LOGICAL_DATA_MODEL_FULL_CONSOLIDATED_v2.1.docx,RUMAHAGEN_WF03_M10_FULL_REBUILD_CONTROLLED_v1.1_FULL_VERSION.zip,Privilege escalation,STEP13-G_SUCCESSOR_INTEGRATED_SYSTEM_RECONCILIATION_FULL_v1.1.md,CANON-CAM11-0016,PRESERVE,YES,,,NO,NO,PASS,EVIDENCE-GATED / NOT VERIFIED unless explicit evidence exists; no invented runtime proof.,EXPLICIT_INTEGRATED_CANDIDATE,TRACEABLE_AND_INCORPORATED,M10-P4-WP01,B02
M10-CORE-15,M10,PRESERVE,CAM11-0016,09_ERD/W4-02A.6.13_ERD_CURRENT_LOGICAL_DATA_MODEL_FULL_CONSOLIDATED_v2.1.docx,RUMAHAGEN_WF03_M10_FULL_REBUILD_CONTROLLED_v1.1_FULL_VERSION.zip,Effective authorization resolution,STEP13-G_SUCCESSOR_INTEGRATED_SYSTEM_RECONCILIATION_FULL_v1.1.md,CANON-CAM11-0016,PRESERVE,YES,,,NO,NO,PASS,EVIDENCE-GATED / NOT VERIFIED unless explicit evidence exists; no invented runtime proof.,EXPLICIT_INTEGRATED_CANDIDATE,TRACEABLE_AND_INCORPORATED,M10-P4-WP01,B02
M10-CORE-16,M10,PRESERVE,CAM11-0016,09_ERD/W4-02A.6.13_ERD_CURRENT_LOGICAL_DATA_MODEL_FULL_CONSOLIDATED_v2.1.docx,RUMAHAGEN_WF03_M10_FULL_REBUILD_CONTROLLED_v1.1_FULL_VERSION.zip,Preset lifecycle/recovery,STEP13-G_SUCCESSOR_INTEGRATED_SYSTEM_RECONCILIATION_FULL_v1.1.md,CANON-CAM11-0016,PRESERVE,YES,,,NO,NO,PASS,EVIDENCE-GATED / NOT VERIFIED unless explicit evidence exists; no invented runtime proof.,EXPLICIT_INTEGRATED_CANDIDATE,TRACEABLE_AND_INCORPORATED,M10-P4-WP02,B02
M10-CORE-17,M10,CONTROLLED,CAM11-0016,09_ERD/W4-02A.6.13_ERD_CURRENT_LOGICAL_DATA_MODEL_FULL_CONSOLIDATED_v2.1.docx,RUMAHAGEN_WF03_M10_FULL_REBUILD_CONTROLLED_v1.1_FULL_VERSION.zip,WF03 legacy baseline,STEP13-G_SUCCESSOR_INTEGRATED_SYSTEM_RECONCILIATION_FULL_v1.1.md,CANON-CAM11-0016,CONTROLLED,YES,,,NO,NO,PASS,EVIDENCE-GATED / NOT VERIFIED unless explicit evidence exists; no invented runtime proof.,EXPLICIT_INTEGRATED_CANDIDATE,TRACEABLE_CONTROLLED,M10-P4-WP01,B02
M11-CI-001,M11,PRESERVE,CAM11-0014,07_PRD/W4-02A.6.11_PRD_CURRENT_PRODUCT_REQUIREMENTS_FULL_CONSOLIDATED_v2.1.docx,RUMAHAGEN_WF03_M11_FULL_REBUILD_CONTROLLED_v2.0_FULL_VERSION.zip,M02 Agent → M11 public profile SEO,STEP13-G_SUCCESSOR_INTEGRATED_SYSTEM_RECONCILIATION_FULL_v1.1.md,CANON-CAM11-0014,PRESERVE,YES,,,NO,NO,PASS,EVIDENCE-GATED / NOT VERIFIED unless explicit evidence exists; no invented runtime proof.,EXPLICIT_INTEGRATED_CANDIDATE,TRACEABLE_AND_INCORPORATED,M11-P4-WP01,B07
M11-CI-002,M11,PRESERVE,CAM11-0014,07_PRD/W4-02A.6.11_PRD_CURRENT_PRODUCT_REQUIREMENTS_FULL_CONSOLIDATED_v2.1.docx,RUMAHAGEN_WF03_M11_FULL_REBUILD_CONTROLLED_v2.0_FULL_VERSION.zip,M03 Listing → M11 Listing SEO/lifecycle discovery,STEP13-G_SUCCESSOR_INTEGRATED_SYSTEM_RECONCILIATION_FULL_v1.1.md,CANON-CAM11-0014,PRESERVE,YES,,,NO,NO,PASS,EVIDENCE-GATED / NOT VERIFIED unless explicit evidence exists; no invented runtime proof.,EXPLICIT_INTEGRATED_CANDIDATE,TRACEABLE_AND_INCORPORATED,M11-P4-WP02,B07
M11-CI-003,M11,PRESERVE,CAM11-0014,07_PRD/W4-02A.6.11_PRD_CURRENT_PRODUCT_REQUIREMENTS_FULL_CONSOLIDATED_v2.1.docx,RUMAHAGEN_WF03_M11_FULL_REBUILD_CONTROLLED_v2.0_FULL_VERSION.zip,M04 Learning/Session → M11 discovery/measurement,STEP13-G_SUCCESSOR_INTEGRATED_SYSTEM_RECONCILIATION_FULL_v1.1.md,CANON-CAM11-0014,PRESERVE,YES,,,NO,NO,PASS,EVIDENCE-GATED / NOT VERIFIED unless explicit evidence exists; no invented runtime proof.,EXPLICIT_INTEGRATED_CANDIDATE,TRACEABLE_AND_INCORPORATED,M11-P4-WP01,B07
M11-CI-004,M11,PRESERVE,CAM11-0014,07_PRD/W4-02A.6.11_PRD_CURRENT_PRODUCT_REQUIREMENTS_FULL_CONSOLIDATED_v2.1.docx,RUMAHAGEN_WF03_M11_FULL_REBUILD_CONTROLLED_v2.0_FULL_VERSION.zip,M05 Event → M11 Event discovery,STEP13-G_SUCCESSOR_INTEGRATED_SYSTEM_RECONCILIATION_FULL_v1.1.md,CANON-CAM11-0014,PRESERVE,YES,,,NO,NO,PASS,EVIDENCE-GATED / NOT VERIFIED unless explicit evidence exists; no invented runtime proof.,EXPLICIT_INTEGRATED_CANDIDATE,TRACEABLE_AND_INCORPORATED,M11-P4-WP01,B07
M11-CI-005,M11,PRESERVE,CAM11-0014,07_PRD/W4-02A.6.11_PRD_CURRENT_PRODUCT_REQUIREMENTS_FULL_CONSOLIDATED_v2.1.docx,RUMAHAGEN_WF03_M11_FULL_REBUILD_CONTROLLED_v2.0_FULL_VERSION.zip,M06 Developer/Project → M11 Project SEO,STEP13-G_SUCCESSOR_INTEGRATED_SYSTEM_RECONCILIATION_FULL_v1.1.md,CANON-CAM11-0014,PRESERVE,YES,,,NO,NO,PASS,EVIDENCE-GATED / NOT VERIFIED unless explicit evidence exists; no invented runtime proof.,EXPLICIT_INTEGRATED_CANDIDATE,TRACEABLE_AND_INCORPORATED,M11-P4-WP02,B07
M11-CI-006,M11,AUGMENT,CAM11-0014,07_PRD/W4-02A.6.11_PRD_CURRENT_PRODUCT_REQUIREMENTS_FULL_CONSOLIDATED_v2.1.docx,RUMAHAGEN_WF03_M11_FULL_REBUILD_CONTROLLED_v2.0_FULL_VERSION.zip,M09 Static Public Content → M11 discovery,STEP13-G_SUCCESSOR_INTEGRATED_SYSTEM_RECONCILIATION_FULL_v1.1.md,CANON-CAM11-0014,AUGMENT,YES,YES,,NO,NO,PASS,EVIDENCE-GATED / NOT VERIFIED unless explicit evidence exists; no invented runtime proof.,EXPLICIT_INTEGRATED_CANDIDATE,TRACEABLE_AND_INCORPORATED,M11-P4-WP01,B07
M11-CI-007,M11,AUGMENT,CAM11-0014,07_PRD/W4-02A.6.11_PRD_CURRENT_PRODUCT_REQUIREMENTS_FULL_CONSOLIDATED_v2.1.docx,RUMAHAGEN_WF03_M11_FULL_REBUILD_CONTROLLED_v2.0_FULL_VERSION.zip,M09 Announcement/Promotion → M11 discovery/measurement,STEP13-G_SUCCESSOR_INTEGRATED_SYSTEM_RECONCILIATION_FULL_v1.1.md,CANON-CAM11-0014,AUGMENT,YES,YES,,NO,NO,PASS,EVIDENCE-GATED / NOT VERIFIED unless explicit evidence exists; no invented runtime proof.,EXPLICIT_INTEGRATED_CANDIDATE,TRACEABLE_AND_INCORPORATED,M11-P4-WP01,B07
M11-CI-008,M11,PRESERVE,CAM11-0014,07_PRD/W4-02A.6.11_PRD_CURRENT_PRODUCT_REQUIREMENTS_FULL_CONSOLIDATED_v2.1.docx,RUMAHAGEN_WF03_M11_FULL_REBUILD_CONTROLLED_v2.0_FULL_VERSION.zip,M10 authorization → M11 access filtering,STEP13-G_SUCCESSOR_INTEGRATED_SYSTEM_RECONCILIATION_FULL_v1.1.md,CANON-CAM11-0014,PRESERVE,YES,,,NO,NO,PASS,EVIDENCE-GATED / NOT VERIFIED unless explicit evidence exists; no invented runtime proof.,EXPLICIT_INTEGRATED_CANDIDATE,TRACEABLE_AND_INCORPORATED,M11-P4-WP01,B07
M11-CI-009,M11,PRESERVE,CAM11-0014,07_PRD/W4-02A.6.11_PRD_CURRENT_PRODUCT_REQUIREMENTS_FULL_CONSOLIDATED_v2.1.docx,RUMAHAGEN_WF03_M11_FULL_REBUILD_CONTROLLED_v2.0_FULL_VERSION.zip,M15 Award → M11 permitted public presentation,STEP13-G_SUCCESSOR_INTEGRATED_SYSTEM_RECONCILIATION_FULL_v1.1.md,CANON-CAM11-0014,PRESERVE,YES,,,NO,NO,PASS,EVIDENCE-GATED / NOT VERIFIED unless explicit evidence exists; no invented runtime proof.,EXPLICIT_INTEGRATED_CANDIDATE,TRACEABLE_AND_INCORPORATED,M11-P4-WP01,B07
M11-CI-010,M11,CONTROLLED,CAM11-0014,07_PRD/W4-02A.6.11_PRD_CURRENT_PRODUCT_REQUIREMENTS_FULL_CONSOLIDATED_v2.1.docx,RUMAHAGEN_WF03_M11_FULL_REBUILD_CONTROLLED_v2.0_FULL_VERSION.zip,M11 controlled architectural impact / no semantic blocker,STEP13-G_SUCCESSOR_INTEGRATED_SYSTEM_RECONCILIATION_FULL_v1.1.md,CANON-CAM11-0014,CONTROLLED,YES,,,NO,NO,PASS,EVIDENCE-GATED / NOT VERIFIED unless explicit evidence exists; no invented runtime proof.,EXPLICIT_INTEGRATED_CANDIDATE,TRACEABLE_CONTROLLED,M11-P4-WP01,B07
M12-CI-001,M12,PRESERVE,CAM11-0014,07_PRD/W4-02A.6.11_PRD_CURRENT_PRODUCT_REQUIREMENTS_FULL_CONSOLIDATED_v2.1.docx,RUMAHAGEN_WF03_M12_FULL_REBUILD_CONTROLLED_v1.0.zip,M12 Organization/Membership/Context ownership,STEP13-G_SUCCESSOR_INTEGRATED_SYSTEM_RECONCILIATION_FULL_v1.1.md,CANON-CAM11-0014,PRESERVE,YES,,,NO,NO,PASS,EVIDENCE-GATED / NOT VERIFIED unless explicit evidence exists; no invented runtime proof.,EXPLICIT_INTEGRATED_CANDIDATE,TRACEABLE_AND_INCORPORATED,M12-P4-WP02,B03
M12-CI-002,M12,PRESERVE,CAM11-0014,07_PRD/W4-02A.6.11_PRD_CURRENT_PRODUCT_REQUIREMENTS_FULL_CONSOLIDATED_v2.1.docx,RUMAHAGEN_WF03_M12_FULL_REBUILD_CONTROLLED_v1.0.zip,Lead Exit → CLOSING → CLOSED; no Lead Transfer/successor inheritance,STEP13-G_SUCCESSOR_INTEGRATED_SYSTEM_RECONCILIATION_FULL_v1.1.md,CANON-CAM11-0014,PRESERVE,YES,,,NO,NO,PASS,EVIDENCE-GATED / NOT VERIFIED unless explicit evidence exists; no invented runtime proof.,EXPLICIT_INTEGRATED_CANDIDATE,TRACEABLE_AND_INCORPORATED,M12-P4-WP04,B03
M12-CI-003,M12,CONTROLLED,CAM11-0014,07_PRD/W4-02A.6.11_PRD_CURRENT_PRODUCT_REQUIREMENTS_FULL_CONSOLIDATED_v2.1.docx,RUMAHAGEN_WF03_M12_FULL_REBUILD_CONTROLLED_v1.0.zip,Organization Public Content ownership clarification,STEP13-G_SUCCESSOR_INTEGRATED_SYSTEM_RECONCILIATION_FULL_v1.1.md,CANON-CAM11-0014,CONTROLLED,YES,,,NO,NO,PASS,EVIDENCE-GATED / NOT VERIFIED unless explicit evidence exists; no invented runtime proof.,EXPLICIT_INTEGRATED_CANDIDATE,TRACEABLE_CONTROLLED,M12-P4-WP03,B03
M12-CI-004,M12,AUGMENT,CAM11-0014,07_PRD/W4-02A.6.11_PRD_CURRENT_PRODUCT_REQUIREMENTS_FULL_CONSOLIDATED_v2.1.docx,RUMAHAGEN_WF03_M12_FULL_REBUILD_CONTROLLED_v1.0.zip,ORG-ADMIN action/permission boundary,STEP13-G_SUCCESSOR_INTEGRATED_SYSTEM_RECONCILIATION_FULL_v1.1.md,CANON-CAM11-0014,AUGMENT,YES,YES,,NO,NO,PASS,EVIDENCE-GATED / NOT VERIFIED unless explicit evidence exists; no invented runtime proof.,EXPLICIT_INTEGRATED_CANDIDATE,TRACEABLE_AND_INCORPORATED,M12-P4-WP01,B03
M12-CI-005,M12,PRESERVE,CAM11-0014,07_PRD/W4-02A.6.11_PRD_CURRENT_PRODUCT_REQUIREMENTS_FULL_CONSOLIDATED_v2.1.docx,RUMAHAGEN_WF03_M12_FULL_REBUILD_CONTROLLED_v1.0.zip,M12 → M03 organization-context dependency,STEP13-G_SUCCESSOR_INTEGRATED_SYSTEM_RECONCILIATION_FULL_v1.1.md,CANON-CAM11-0014,PRESERVE,YES,,,NO,NO,PASS,EVIDENCE-GATED / NOT VERIFIED unless explicit evidence exists; no invented runtime proof.,EXPLICIT_INTEGRATED_CANDIDATE,TRACEABLE_AND_INCORPORATED,M12-P4-WP03,B03
M12-CI-006,M12,PRESERVE,CAM11-0014,07_PRD/W4-02A.6.11_PRD_CURRENT_PRODUCT_REQUIREMENTS_FULL_CONSOLIDATED_v2.1.docx,RUMAHAGEN_WF03_M12_FULL_REBUILD_CONTROLLED_v1.0.zip,M12 → M10 authorization dependency,STEP13-G_SUCCESSOR_INTEGRATED_SYSTEM_RECONCILIATION_FULL_v1.1.md,CANON-CAM11-0014,PRESERVE,YES,,,NO,NO,PASS,EVIDENCE-GATED / NOT VERIFIED unless explicit evidence exists; no invented runtime proof.,EXPLICIT_INTEGRATED_CANDIDATE,TRACEABLE_AND_INCORPORATED,M12-P4-WP01,B03
M12-CI-007,M12,PRESERVE,CAM11-0014,07_PRD/W4-02A.6.11_PRD_CURRENT_PRODUCT_REQUIREMENTS_FULL_CONSOLIDATED_v2.1.docx,RUMAHAGEN_WF03_M12_FULL_REBUILD_CONTROLLED_v1.0.zip,M12 → M11 discovery dependency,STEP13-G_SUCCESSOR_INTEGRATED_SYSTEM_RECONCILIATION_FULL_v1.1.md,CANON-CAM11-0014,PRESERVE,YES,,,NO,NO,PASS,EVIDENCE-GATED / NOT VERIFIED unless explicit evidence exists; no invented runtime proof.,EXPLICIT_INTEGRATED_CANDIDATE,TRACEABLE_AND_INCORPORATED,M12-P4-WP01,B03
M12-CI-008,M12,PRESERVE,CAM11-0014,07_PRD/W4-02A.6.11_PRD_CURRENT_PRODUCT_REQUIREMENTS_FULL_CONSOLIDATED_v2.1.docx,RUMAHAGEN_WF03_M12_FULL_REBUILD_CONTROLLED_v1.0.zip,M12 → M14 commercial-context dependency,STEP13-G_SUCCESSOR_INTEGRATED_SYSTEM_RECONCILIATION_FULL_v1.1.md,CANON-CAM11-0014,PRESERVE,YES,,,NO,NO,PASS,EVIDENCE-GATED / NOT VERIFIED unless explicit evidence exists; no invented runtime proof.,EXPLICIT_INTEGRATED_CANDIDATE,TRACEABLE_AND_INCORPORATED,M12-P4-WP03,B03
M12-CI-009,M12,CONTROLLED,CAM11-0014,07_PRD/W4-02A.6.11_PRD_CURRENT_PRODUCT_REQUIREMENTS_FULL_CONSOLIDATED_v2.1.docx,RUMAHAGEN_WF03_M12_FULL_REBUILD_CONTROLLED_v1.0.zip,Physical implementation status,STEP13-G_SUCCESSOR_INTEGRATED_SYSTEM_RECONCILIATION_FULL_v1.1.md,CANON-CAM11-0014,CONTROLLED,YES,,,NO,NO,PASS,EVIDENCE-GATED / NOT VERIFIED unless explicit evidence exists; no invented runtime proof.,EXPLICIT_INTEGRATED_CANDIDATE,TRACEABLE_CONTROLLED,M12-P4-WP01,B03
M12-CI-010,M12,CONTROLLED,CAM11-0014,07_PRD/W4-02A.6.11_PRD_CURRENT_PRODUCT_REQUIREMENTS_FULL_CONSOLIDATED_v2.1.docx,RUMAHAGEN_WF03_M12_FULL_REBUILD_CONTROLLED_v1.0.zip,Runtime status,STEP13-G_SUCCESSOR_INTEGRATED_SYSTEM_RECONCILIATION_FULL_v1.1.md,CANON-CAM11-0014,CONTROLLED,YES,,,NO,NO,PASS,EVIDENCE-GATED / NOT VERIFIED unless explicit evidence exists; no invented runtime proof.,EXPLICIT_INTEGRATED_CANDIDATE,TRACEABLE_CONTROLLED,M12-P4-WP01,B03
M13-CI-001,M13,RECONCILE,CAM11-0014,07_PRD/W4-02A.6.11_PRD_CURRENT_PRODUCT_REQUIREMENTS_FULL_CONSOLIDATED_v2.1.docx,RUMAHAGEN_WF03_M13_FULL_REBUILD_CONTROLLED_v1.0.zip,Provider Catalogue mutation = SUPERADMIN ONLY. Admin/Manager do not mutate catalogue. Agent cannot register arbitrary provider endpoint outside approved catalogue.,STEP13-G_SUCCESSOR_INTEGRATED_SYSTEM_RECONCILIATION_FULL_v1.1.md,CANON-CAM11-0014,UPDATE/RECONCILE,YES,YES,YES,NO,NO,PASS,EVIDENCE-GATED / NOT VERIFIED unless explicit evidence exists; no invented runtime proof.,EXPLICIT_INTEGRATED_CANDIDATE,TRACEABLE_AND_INCORPORATED,M13-P4-WP01,B03
M13-CI-002,M13,RECONCILE,CAM11-0014,07_PRD/W4-02A.6.11_PRD_CURRENT_PRODUCT_REQUIREMENTS_FULL_CONSOLIDATED_v2.1.docx,RUMAHAGEN_WF03_M13_FULL_REBUILD_CONTROLLED_v1.0.zip,Agent/User owns own BYOK connection and may create/view/save/update/configure/rotate/replace/test/enable/disable/disconnect/delete/reconnect own connection without Admin/Manager approval; no sharing/delegation/transfer.,STEP13-G_SUCCESSOR_INTEGRATED_SYSTEM_RECONCILIATION_FULL_v1.1.md,CANON-CAM11-0014,UPDATE/RECONCILE,YES,YES,YES,NO,NO,PASS,EVIDENCE-GATED / NOT VERIFIED unless explicit evidence exists; no invented runtime proof.,EXPLICIT_INTEGRATED_CANDIDATE,TRACEABLE_AND_INCORPORATED,M13-P4-WP02,B03
M13-CI-003,M13,PRESERVE,CAM11-0014,07_PRD/W4-02A.6.11_PRD_CURRENT_PRODUCT_REQUIREMENTS_FULL_CONSOLIDATED_v2.1.docx,RUMAHAGEN_WF03_M13_FULL_REBUILD_CONTROLLED_v1.0.zip,M10 authorization boundary,STEP13-G_SUCCESSOR_INTEGRATED_SYSTEM_RECONCILIATION_FULL_v1.1.md,CANON-CAM11-0014,PRESERVE,YES,,,NO,NO,PASS,EVIDENCE-GATED / NOT VERIFIED unless explicit evidence exists; no invented runtime proof.,EXPLICIT_INTEGRATED_CANDIDATE,TRACEABLE_AND_INCORPORATED,M13-P4-WP01,B03
M13-CI-004,M13,CONTROLLED,CAM11-0014,07_PRD/W4-02A.6.11_PRD_CURRENT_PRODUCT_REQUIREMENTS_FULL_CONSOLIDATED_v2.1.docx,RUMAHAGEN_WF03_M13_FULL_REBUILD_CONTROLLED_v1.0.zip,Physical/runtime implementation,STEP13-G_SUCCESSOR_INTEGRATED_SYSTEM_RECONCILIATION_FULL_v1.1.md,CANON-CAM11-0014,CONTROLLED,YES,,,NO,NO,PASS,EVIDENCE-GATED / NOT VERIFIED unless explicit evidence exists; no invented runtime proof.,EXPLICIT_INTEGRATED_CANDIDATE,TRACEABLE_CONTROLLED,M13-P4-WP01,B03
M14-CI-001,M14,PRESERVE,CAM11-0014,07_PRD/W4-02A.6.11_PRD_CURRENT_PRODUCT_REQUIREMENTS_FULL_CONSOLIDATED_v2.1.docx,RUMAHAGEN_WF03_M14_FULL_REBUILD_v2.2_CORE_DETAIL_PARITY_FULL_VERSION.zip,M14 commercial authority,STEP13-G_SUCCESSOR_INTEGRATED_SYSTEM_RECONCILIATION_FULL_v1.1.md,CANON-CAM11-0014,PRESERVE,YES,,,NO,NO,PASS,EVIDENCE-GATED / NOT VERIFIED unless explicit evidence exists; no invented runtime proof.,EXPLICIT_INTEGRATED_CANDIDATE,TRACEABLE_AND_INCORPORATED,M14-P4-WP01,B03
M14-CI-002,M14,PRESERVE,CAM11-0014,07_PRD/W4-02A.6.11_PRD_CURRENT_PRODUCT_REQUIREMENTS_FULL_CONSOLIDATED_v2.1.docx,RUMAHAGEN_WF03_M14_FULL_REBUILD_v2.2_CORE_DETAIL_PARITY_FULL_VERSION.zip,Payment belongs to M14,STEP13-G_SUCCESSOR_INTEGRATED_SYSTEM_RECONCILIATION_FULL_v1.1.md,CANON-CAM11-0014,PRESERVE,YES,,,NO,NO,PASS,EVIDENCE-GATED / NOT VERIFIED unless explicit evidence exists; no invented runtime proof.,EXPLICIT_INTEGRATED_CANDIDATE,TRACEABLE_AND_INCORPORATED,M14-P4-WP02,B03
M14-CI-003,M14,PRESERVE,CAM11-0014,07_PRD/W4-02A.6.11_PRD_CURRENT_PRODUCT_REQUIREMENTS_FULL_CONSOLIDATED_v2.1.docx,RUMAHAGEN_WF03_M14_FULL_REBUILD_v2.2_CORE_DETAIL_PARITY_FULL_VERSION.zip,Entitlement ≠ RBAC,STEP13-G_SUCCESSOR_INTEGRATED_SYSTEM_RECONCILIATION_FULL_v1.1.md,CANON-CAM11-0014,PRESERVE,YES,,,NO,NO,PASS,EVIDENCE-GATED / NOT VERIFIED unless explicit evidence exists; no invented runtime proof.,EXPLICIT_INTEGRATED_CANDIDATE,TRACEABLE_AND_INCORPORATED,M14-P4-WP03,B03
M14-CI-004,M14,PRESERVE,CAM11-0014,07_PRD/W4-02A.6.11_PRD_CURRENT_PRODUCT_REQUIREMENTS_FULL_CONSOLIDATED_v2.1.docx,RUMAHAGEN_WF03_M14_FULL_REBUILD_v2.2_CORE_DETAIL_PARITY_FULL_VERSION.zip,Quota is commercial capacity,STEP13-G_SUCCESSOR_INTEGRATED_SYSTEM_RECONCILIATION_FULL_v1.1.md,CANON-CAM11-0014,PRESERVE,YES,,,NO,NO,PASS,EVIDENCE-GATED / NOT VERIFIED unless explicit evidence exists; no invented runtime proof.,EXPLICIT_INTEGRATED_CANDIDATE,TRACEABLE_AND_INCORPORATED,M14-P4-WP04,B03
M14-CI-005,M14,AUGMENT,CAM11-0014,07_PRD/W4-02A.6.11_PRD_CURRENT_PRODUCT_REQUIREMENTS_FULL_CONSOLIDATED_v2.1.docx,RUMAHAGEN_WF03_M14_FULL_REBUILD_v2.2_CORE_DETAIL_PARITY_FULL_VERSION.zip,Eight approved commercial surfaces,STEP13-G_SUCCESSOR_INTEGRATED_SYSTEM_RECONCILIATION_FULL_v1.1.md,CANON-CAM11-0014,AUGMENT,YES,YES,,NO,NO,PASS,EVIDENCE-GATED / NOT VERIFIED unless explicit evidence exists; no invented runtime proof.,EXPLICIT_INTEGRATED_CANDIDATE,TRACEABLE_AND_INCORPORATED,M14-P4-WP01,B03
M14-CI-006,M14,AUGMENT,CAM11-0014,07_PRD/W4-02A.6.11_PRD_CURRENT_PRODUCT_REQUIREMENTS_FULL_CONSOLIDATED_v2.1.docx,RUMAHAGEN_WF03_M14_FULL_REBUILD_v2.2_CORE_DETAIL_PARITY_FULL_VERSION.zip,Subscription lifecycle,STEP13-G_SUCCESSOR_INTEGRATED_SYSTEM_RECONCILIATION_FULL_v1.1.md,CANON-CAM11-0014,AUGMENT,YES,YES,,NO,NO,PASS,EVIDENCE-GATED / NOT VERIFIED unless explicit evidence exists; no invented runtime proof.,EXPLICIT_INTEGRATED_CANDIDATE,TRACEABLE_AND_INCORPORATED,M14-P4-WP01,B03
M14-CI-007,M14,AUGMENT,CAM11-0014,07_PRD/W4-02A.6.11_PRD_CURRENT_PRODUCT_REQUIREMENTS_FULL_CONSOLIDATED_v2.1.docx,RUMAHAGEN_WF03_M14_FULL_REBUILD_v2.2_CORE_DETAIL_PARITY_FULL_VERSION.zip,Add-on lifecycle/validity,STEP13-G_SUCCESSOR_INTEGRATED_SYSTEM_RECONCILIATION_FULL_v1.1.md,CANON-CAM11-0014,AUGMENT,YES,YES,,NO,NO,PASS,EVIDENCE-GATED / NOT VERIFIED unless explicit evidence exists; no invented runtime proof.,EXPLICIT_INTEGRATED_CANDIDATE,TRACEABLE_AND_INCORPORATED,M14-P4-WP01,B03
M14-CI-008,M14,AUGMENT,CAM11-0014,07_PRD/W4-02A.6.11_PRD_CURRENT_PRODUCT_REQUIREMENTS_FULL_CONSOLIDATED_v2.1.docx,RUMAHAGEN_WF03_M14_FULL_REBUILD_v2.2_CORE_DETAIL_PARITY_FULL_VERSION.zip,Promotion lifecycle,STEP13-G_SUCCESSOR_INTEGRATED_SYSTEM_RECONCILIATION_FULL_v1.1.md,CANON-CAM11-0014,AUGMENT,YES,YES,,NO,NO,PASS,EVIDENCE-GATED / NOT VERIFIED unless explicit evidence exists; no invented runtime proof.,EXPLICIT_INTEGRATED_CANDIDATE,TRACEABLE_AND_INCORPORATED,M14-P4-WP04,B03
M14-CI-009,M14,AUGMENT,CAM11-0014,07_PRD/W4-02A.6.11_PRD_CURRENT_PRODUCT_REQUIREMENTS_FULL_CONSOLIDATED_v2.1.docx,RUMAHAGEN_WF03_M14_FULL_REBUILD_v2.2_CORE_DETAIL_PARITY_FULL_VERSION.zip,Immutable purchase snapshot,STEP13-G_SUCCESSOR_INTEGRATED_SYSTEM_RECONCILIATION_FULL_v1.1.md,CANON-CAM11-0014,AUGMENT,YES,YES,,NO,NO,PASS,EVIDENCE-GATED / NOT VERIFIED unless explicit evidence exists; no invented runtime proof.,EXPLICIT_INTEGRATED_CANDIDATE,TRACEABLE_AND_INCORPORATED,M14-P4-WP02,B03
M14-CI-010,M14,AUGMENT,CAM11-0014,07_PRD/W4-02A.6.11_PRD_CURRENT_PRODUCT_REQUIREMENTS_FULL_CONSOLIDATED_v2.1.docx,RUMAHAGEN_WF03_M14_FULL_REBUILD_v2.2_CORE_DETAIL_PARITY_FULL_VERSION.zip,Order confirmation invariant,STEP13-G_SUCCESSOR_INTEGRATED_SYSTEM_RECONCILIATION_FULL_v1.1.md,CANON-CAM11-0014,AUGMENT,YES,YES,,NO,NO,PASS,EVIDENCE-GATED / NOT VERIFIED unless explicit evidence exists; no invented runtime proof.,EXPLICIT_INTEGRATED_CANDIDATE,TRACEABLE_AND_INCORPORATED,M14-P4-WP02,B03
M14-CI-011,M14,AUGMENT,CAM11-0014,07_PRD/W4-02A.6.11_PRD_CURRENT_PRODUCT_REQUIREMENTS_FULL_CONSOLIDATED_v2.1.docx,RUMAHAGEN_WF03_M14_FULL_REBUILD_v2.2_CORE_DETAIL_PARITY_FULL_VERSION.zip,Trusted payment verification,STEP13-G_SUCCESSOR_INTEGRATED_SYSTEM_RECONCILIATION_FULL_v1.1.md,CANON-CAM11-0014,AUGMENT,YES,YES,,NO,NO,PASS,EVIDENCE-GATED / NOT VERIFIED unless explicit evidence exists; no invented runtime proof.,EXPLICIT_INTEGRATED_CANDIDATE,TRACEABLE_AND_INCORPORATED,M14-P4-WP02,B03
M14-CI-012,M14,AUGMENT,CAM11-0014,07_PRD/W4-02A.6.11_PRD_CURRENT_PRODUCT_REQUIREMENTS_FULL_CONSOLIDATED_v2.1.docx,RUMAHAGEN_WF03_M14_FULL_REBUILD_v2.2_CORE_DETAIL_PARITY_FULL_VERSION.zip,Idempotent fulfillment,STEP13-G_SUCCESSOR_INTEGRATED_SYSTEM_RECONCILIATION_FULL_v1.1.md,CANON-CAM11-0014,AUGMENT,YES,YES,,NO,NO,PASS,EVIDENCE-GATED / NOT VERIFIED unless explicit evidence exists; no invented runtime proof.,EXPLICIT_INTEGRATED_CANDIDATE,TRACEABLE_AND_INCORPORATED,M14-P4-WP03,B03
M14-CI-013,M14,AUGMENT,CAM11-0014,07_PRD/W4-02A.6.11_PRD_CURRENT_PRODUCT_REQUIREMENTS_FULL_CONSOLIDATED_v2.1.docx,RUMAHAGEN_WF03_M14_FULL_REBUILD_v2.2_CORE_DETAIL_PARITY_FULL_VERSION.zip,Entitlement lifecycle,STEP13-G_SUCCESSOR_INTEGRATED_SYSTEM_RECONCILIATION_FULL_v1.1.md,CANON-CAM11-0014,AUGMENT,YES,YES,,NO,NO,PASS,EVIDENCE-GATED / NOT VERIFIED unless explicit evidence exists; no invented runtime proof.,EXPLICIT_INTEGRATED_CANDIDATE,TRACEABLE_AND_INCORPORATED,M14-P4-WP03,B03
M14-CI-014,M14,AUGMENT,CAM11-0014,07_PRD/W4-02A.6.11_PRD_CURRENT_PRODUCT_REQUIREMENTS_FULL_CONSOLIDATED_v2.1.docx,RUMAHAGEN_WF03_M14_FULL_REBUILD_v2.2_CORE_DETAIL_PARITY_FULL_VERSION.zip,Quota Capacity,STEP13-G_SUCCESSOR_INTEGRATED_SYSTEM_RECONCILIATION_FULL_v1.1.md,CANON-CAM11-0014,AUGMENT,YES,YES,,NO,NO,PASS,EVIDENCE-GATED / NOT VERIFIED unless explicit evidence exists; no invented runtime proof.,EXPLICIT_INTEGRATED_CANDIDATE,TRACEABLE_AND_INCORPORATED,M14-P4-WP04,B03
M14-CI-015,M14,AUGMENT,CAM11-0014,07_PRD/W4-02A.6.11_PRD_CURRENT_PRODUCT_REQUIREMENTS_FULL_CONSOLIDATED_v2.1.docx,RUMAHAGEN_WF03_M14_FULL_REBUILD_v2.2_CORE_DETAIL_PARITY_FULL_VERSION.zip,Operational Pool,STEP13-G_SUCCESSOR_INTEGRATED_SYSTEM_RECONCILIATION_FULL_v1.1.md,CANON-CAM11-0014,AUGMENT,YES,YES,,NO,NO,PASS,EVIDENCE-GATED / NOT VERIFIED unless explicit evidence exists; no invented runtime proof.,EXPLICIT_INTEGRATED_CANDIDATE,TRACEABLE_AND_INCORPORATED,M14-P4-WP01,B03
M14-CI-016,M14,AUGMENT,CAM11-0014,07_PRD/W4-02A.6.11_PRD_CURRENT_PRODUCT_REQUIREMENTS_FULL_CONSOLIDATED_v2.1.docx,RUMAHAGEN_WF03_M14_FULL_REBUILD_v2.2_CORE_DETAIL_PARITY_FULL_VERSION.zip,Allocation,STEP13-G_SUCCESSOR_INTEGRATED_SYSTEM_RECONCILIATION_FULL_v1.1.md,CANON-CAM11-0014,AUGMENT,YES,YES,,NO,NO,PASS,EVIDENCE-GATED / NOT VERIFIED unless explicit evidence exists; no invented runtime proof.,EXPLICIT_INTEGRATED_CANDIDATE,TRACEABLE_AND_INCORPORATED,M14-P4-WP01,B03
M14-CI-017,M14,AUGMENT,CAM11-0014,07_PRD/W4-02A.6.11_PRD_CURRENT_PRODUCT_REQUIREMENTS_FULL_CONSOLIDATED_v2.1.docx,RUMAHAGEN_WF03_M14_FULL_REBUILD_v2.2_CORE_DETAIL_PARITY_FULL_VERSION.zip,Usage,STEP13-G_SUCCESSOR_INTEGRATED_SYSTEM_RECONCILIATION_FULL_v1.1.md,CANON-CAM11-0014,AUGMENT,YES,YES,,NO,NO,PASS,EVIDENCE-GATED / NOT VERIFIED unless explicit evidence exists; no invented runtime proof.,EXPLICIT_INTEGRATED_CANDIDATE,TRACEABLE_AND_INCORPORATED,M14-P4-WP01,B03
M14-CI-018,M14,AUGMENT,CAM11-0014,07_PRD/W4-02A.6.11_PRD_CURRENT_PRODUCT_REQUIREMENTS_FULL_CONSOLIDATED_v2.1.docx,RUMAHAGEN_WF03_M14_FULL_REBUILD_v2.2_CORE_DETAIL_PARITY_FULL_VERSION.zip,Refund / chargeback,STEP13-G_SUCCESSOR_INTEGRATED_SYSTEM_RECONCILIATION_FULL_v1.1.md,CANON-CAM11-0014,AUGMENT,YES,YES,,NO,NO,PASS,EVIDENCE-GATED / NOT VERIFIED unless explicit evidence exists; no invented runtime proof.,EXPLICIT_INTEGRATED_CANDIDATE,TRACEABLE_AND_INCORPORATED,M14-P4-WP01,B03
M14-CI-019,M14,AUGMENT,CAM11-0014,07_PRD/W4-02A.6.11_PRD_CURRENT_PRODUCT_REQUIREMENTS_FULL_CONSOLIDATED_v2.1.docx,RUMAHAGEN_WF03_M14_FULL_REBUILD_v2.2_CORE_DETAIL_PARITY_FULL_VERSION.zip,Reconciliation,STEP13-G_SUCCESSOR_INTEGRATED_SYSTEM_RECONCILIATION_FULL_v1.1.md,CANON-CAM11-0014,AUGMENT,YES,YES,,NO,NO,PASS,EVIDENCE-GATED / NOT VERIFIED unless explicit evidence exists; no invented runtime proof.,EXPLICIT_INTEGRATED_CANDIDATE,TRACEABLE_AND_INCORPORATED,M14-P4-WP01,B03
M14-CI-020,M14,AUGMENT,CAM11-0014,07_PRD/W4-02A.6.11_PRD_CURRENT_PRODUCT_REQUIREMENTS_FULL_CONSOLIDATED_v2.1.docx,RUMAHAGEN_WF03_M14_FULL_REBUILD_v2.2_CORE_DETAIL_PARITY_FULL_VERSION.zip,Refresh Allowance,STEP13-G_SUCCESSOR_INTEGRATED_SYSTEM_RECONCILIATION_FULL_v1.1.md,CANON-CAM11-0014,AUGMENT,YES,YES,,NO,NO,PASS,EVIDENCE-GATED / NOT VERIFIED unless explicit evidence exists; no invented runtime proof.,EXPLICIT_INTEGRATED_CANDIDATE,TRACEABLE_AND_INCORPORATED,M14-P4-WP04,B03
M15-IA-01,M15,PRESERVE,CAM11-0014,07_PRD/W4-02A.6.11_PRD_CURRENT_PRODUCT_REQUIREMENTS_FULL_CONSOLIDATED_v2.1.docx,RUMAHAGEN_WF03_M15_FULL_REBUILD_v1.1_CORE_DETAIL_SYNCHRONIZED_FULL_VERSION.zip,M15 authority,STEP13-G_SUCCESSOR_INTEGRATED_SYSTEM_RECONCILIATION_FULL_v1.1.md,CANON-CAM11-0014,PRESERVE,YES,,,NO,NO,PASS,EVIDENCE-GATED / NOT VERIFIED unless explicit evidence exists; no invented runtime proof.,EXPLICIT_INTEGRATED_CANDIDATE,TRACEABLE_AND_INCORPORATED,M15-P4-WP01,B06
M15-IA-02,M15,PRESERVE,CAM11-0014,07_PRD/W4-02A.6.11_PRD_CURRENT_PRODUCT_REQUIREMENTS_FULL_CONSOLIDATED_v2.1.docx,RUMAHAGEN_WF03_M15_FULL_REBUILD_v1.1_CORE_DETAIL_SYNCHRONIZED_FULL_VERSION.zip,Title/Award distinction,STEP13-G_SUCCESSOR_INTEGRATED_SYSTEM_RECONCILIATION_FULL_v1.1.md,CANON-CAM11-0014,PRESERVE,YES,,,NO,NO,PASS,EVIDENCE-GATED / NOT VERIFIED unless explicit evidence exists; no invented runtime proof.,EXPLICIT_INTEGRATED_CANDIDATE,TRACEABLE_AND_INCORPORATED,M15-P4-WP04,B06
M15-IA-03,M15,AUGMENT,CAM11-0014,07_PRD/W4-02A.6.11_PRD_CURRENT_PRODUCT_REQUIREMENTS_FULL_CONSOLIDATED_v2.1.docx,RUMAHAGEN_WF03_M15_FULL_REBUILD_v1.1_CORE_DETAIL_SYNCHRONIZED_FULL_VERSION.zip,Qualification/evidence,STEP13-G_SUCCESSOR_INTEGRATED_SYSTEM_RECONCILIATION_FULL_v1.1.md,CANON-CAM11-0014,AUGMENT,YES,YES,,NO,NO,PASS,EVIDENCE-GATED / NOT VERIFIED unless explicit evidence exists; no invented runtime proof.,EXPLICIT_INTEGRATED_CANDIDATE,TRACEABLE_AND_INCORPORATED,M15-P4-WP03,B06
M15-IA-04,M15,AUGMENT,CAM11-0014,07_PRD/W4-02A.6.11_PRD_CURRENT_PRODUCT_REQUIREMENTS_FULL_CONSOLIDATED_v2.1.docx,RUMAHAGEN_WF03_M15_FULL_REBUILD_v1.1_CORE_DETAIL_SYNCHRONIZED_FULL_VERSION.zip,Partner Learning,STEP13-G_SUCCESSOR_INTEGRATED_SYSTEM_RECONCILIATION_FULL_v1.1.md,CANON-CAM11-0014,AUGMENT,YES,YES,,NO,NO,PASS,EVIDENCE-GATED / NOT VERIFIED unless explicit evidence exists; no invented runtime proof.,EXPLICIT_INTEGRATED_CANDIDATE,TRACEABLE_AND_INCORPORATED,M15-P4-WP01,B06
M15-IA-05,M15,AUGMENT,CAM11-0014,07_PRD/W4-02A.6.11_PRD_CURRENT_PRODUCT_REQUIREMENTS_FULL_CONSOLIDATED_v2.1.docx,RUMAHAGEN_WF03_M15_FULL_REBUILD_v1.1_CORE_DETAIL_SYNCHRONIZED_FULL_VERSION.zip,Developer Learning,STEP13-G_SUCCESSOR_INTEGRATED_SYSTEM_RECONCILIATION_FULL_v1.1.md,CANON-CAM11-0014,AUGMENT,YES,YES,,NO,NO,PASS,EVIDENCE-GATED / NOT VERIFIED unless explicit evidence exists; no invented runtime proof.,EXPLICIT_INTEGRATED_CANDIDATE,TRACEABLE_AND_INCORPORATED,M15-P4-WP01,B06
M15-IA-06,M15,PRESERVE,CAM11-0014,07_PRD/W4-02A.6.11_PRD_CURRENT_PRODUCT_REQUIREMENTS_FULL_CONSOLIDATED_v2.1.docx,RUMAHAGEN_WF03_M15_FULL_REBUILD_v1.1_CORE_DETAIL_SYNCHRONIZED_FULL_VERSION.zip,Lifecycle,STEP13-G_SUCCESSOR_INTEGRATED_SYSTEM_RECONCILIATION_FULL_v1.1.md,CANON-CAM11-0014,PRESERVE,YES,,,NO,NO,PASS,EVIDENCE-GATED / NOT VERIFIED unless explicit evidence exists; no invented runtime proof.,EXPLICIT_INTEGRATED_CANDIDATE,TRACEABLE_AND_INCORPORATED,M15-P4-WP01,B06
M15-IA-07,M15,PRESERVE,CAM11-0014,07_PRD/W4-02A.6.11_PRD_CURRENT_PRODUCT_REQUIREMENTS_FULL_CONSOLIDATED_v2.1.docx,RUMAHAGEN_WF03_M15_FULL_REBUILD_v1.1_CORE_DETAIL_SYNCHRONIZED_FULL_VERSION.zip,Actor/Role,STEP13-G_SUCCESSOR_INTEGRATED_SYSTEM_RECONCILIATION_FULL_v1.1.md,CANON-CAM11-0014,PRESERVE,YES,,,NO,NO,PASS,EVIDENCE-GATED / NOT VERIFIED unless explicit evidence exists; no invented runtime proof.,EXPLICIT_INTEGRATED_CANDIDATE,TRACEABLE_AND_INCORPORATED,M15-P4-WP01,B06
M15-IA-08,M15,AUGMENT,CAM11-0014,07_PRD/W4-02A.6.11_PRD_CURRENT_PRODUCT_REQUIREMENTS_FULL_CONSOLIDATED_v2.1.docx,RUMAHAGEN_WF03_M15_FULL_REBUILD_v1.1_CORE_DETAIL_SYNCHRONIZED_FULL_VERSION.zip,Permission,STEP13-G_SUCCESSOR_INTEGRATED_SYSTEM_RECONCILIATION_FULL_v1.1.md,CANON-CAM11-0014,AUGMENT,YES,YES,,NO,NO,PASS,EVIDENCE-GATED / NOT VERIFIED unless explicit evidence exists; no invented runtime proof.,EXPLICIT_INTEGRATED_CANDIDATE,TRACEABLE_AND_INCORPORATED,M15-P4-WP01,B06
M15-IA-09,M15,PRESERVE,CAM11-0014,07_PRD/W4-02A.6.11_PRD_CURRENT_PRODUCT_REQUIREMENTS_FULL_CONSOLIDATED_v2.1.docx,RUMAHAGEN_WF03_M15_FULL_REBUILD_v1.1_CORE_DETAIL_SYNCHRONIZED_FULL_VERSION.zip,Ownership/Scope,STEP13-G_SUCCESSOR_INTEGRATED_SYSTEM_RECONCILIATION_FULL_v1.1.md,CANON-CAM11-0014,PRESERVE,YES,,,NO,NO,PASS,EVIDENCE-GATED / NOT VERIFIED unless explicit evidence exists; no invented runtime proof.,EXPLICIT_INTEGRATED_CANDIDATE,TRACEABLE_AND_INCORPORATED,M15-P4-WP01,B06
M15-IA-10,M15,AUGMENT,CAM11-0014,07_PRD/W4-02A.6.11_PRD_CURRENT_PRODUCT_REQUIREMENTS_FULL_CONSOLIDATED_v2.1.docx,RUMAHAGEN_WF03_M15_FULL_REBUILD_v1.1_CORE_DETAIL_SYNCHRONIZED_FULL_VERSION.zip,Visibility/Presentation,STEP13-G_SUCCESSOR_INTEGRATED_SYSTEM_RECONCILIATION_FULL_v1.1.md,CANON-CAM11-0014,AUGMENT,YES,YES,,NO,NO,PASS,EVIDENCE-GATED / NOT VERIFIED unless explicit evidence exists; no invented runtime proof.,EXPLICIT_INTEGRATED_CANDIDATE,TRACEABLE_AND_INCORPORATED,M15-P4-WP04,B06
M15-IA-11,M15,AUGMENT,CAM11-0014,07_PRD/W4-02A.6.11_PRD_CURRENT_PRODUCT_REQUIREMENTS_FULL_CONSOLIDATED_v2.1.docx,RUMAHAGEN_WF03_M15_FULL_REBUILD_v1.1_CORE_DETAIL_SYNCHRONIZED_FULL_VERSION.zip,Approval,STEP13-G_SUCCESSOR_INTEGRATED_SYSTEM_RECONCILIATION_FULL_v1.1.md,CANON-CAM11-0014,AUGMENT,YES,YES,,NO,NO,PASS,EVIDENCE-GATED / NOT VERIFIED unless explicit evidence exists; no invented runtime proof.,EXPLICIT_INTEGRATED_CANDIDATE,TRACEABLE_AND_INCORPORATED,M15-P4-WP01,B06
M15-IA-12,M15,AUGMENT,CAM11-0014,07_PRD/W4-02A.6.11_PRD_CURRENT_PRODUCT_REQUIREMENTS_FULL_CONSOLIDATED_v2.1.docx,RUMAHAGEN_WF03_M15_FULL_REBUILD_v1.1_CORE_DETAIL_SYNCHRONIZED_FULL_VERSION.zip,API,STEP13-G_SUCCESSOR_INTEGRATED_SYSTEM_RECONCILIATION_FULL_v1.1.md,CANON-CAM11-0014,AUGMENT,YES,YES,,NO,NO,PASS,EVIDENCE-GATED / NOT VERIFIED unless explicit evidence exists; no invented runtime proof.,EXPLICIT_INTEGRATED_CANDIDATE,TRACEABLE_AND_INCORPORATED,M15-P4-WP01,B06
M15-IA-13,M15,PRESERVE,CAM11-0014,07_PRD/W4-02A.6.11_PRD_CURRENT_PRODUCT_REQUIREMENTS_FULL_CONSOLIDATED_v2.1.docx,RUMAHAGEN_WF03_M15_FULL_REBUILD_v1.1_CORE_DETAIL_SYNCHRONIZED_FULL_VERSION.zip,ERD,STEP13-G_SUCCESSOR_INTEGRATED_SYSTEM_RECONCILIATION_FULL_v1.1.md,CANON-CAM11-0014,PRESERVE,YES,,,NO,NO,PASS,EVIDENCE-GATED / NOT VERIFIED unless explicit evidence exists; no invented runtime proof.,EXPLICIT_INTEGRATED_CANDIDATE,TRACEABLE_AND_INCORPORATED,M15-P4-WP01,B06
M15-IA-14,M15,PRESERVE,CAM11-0014,07_PRD/W4-02A.6.11_PRD_CURRENT_PRODUCT_REQUIREMENTS_FULL_CONSOLIDATED_v2.1.docx,RUMAHAGEN_WF03_M15_FULL_REBUILD_v1.1_CORE_DETAIL_SYNCHRONIZED_FULL_VERSION.zip,Schema,STEP13-G_SUCCESSOR_INTEGRATED_SYSTEM_RECONCILIATION_FULL_v1.1.md,CANON-CAM11-0014,PRESERVE,YES,,,NO,NO,PASS,EVIDENCE-GATED / NOT VERIFIED unless explicit evidence exists; no invented runtime proof.,EXPLICIT_INTEGRATED_CANDIDATE,TRACEABLE_AND_INCORPORATED,M15-P4-WP01,B06
M15-IA-15,M15,AUGMENT,CAM11-0014,07_PRD/W4-02A.6.11_PRD_CURRENT_PRODUCT_REQUIREMENTS_FULL_CONSOLIDATED_v2.1.docx,RUMAHAGEN_WF03_M15_FULL_REBUILD_v1.1_CORE_DETAIL_SYNCHRONIZED_FULL_VERSION.zip,RBAC/RLS,STEP13-G_SUCCESSOR_INTEGRATED_SYSTEM_RECONCILIATION_FULL_v1.1.md,CANON-CAM11-0014,AUGMENT,YES,YES,,NO,NO,PASS,EVIDENCE-GATED / NOT VERIFIED unless explicit evidence exists; no invented runtime proof.,EXPLICIT_INTEGRATED_CANDIDATE,TRACEABLE_AND_INCORPORATED,M15-P4-WP01,B06
M15-IA-16,M15,AUGMENT,CAM11-0014,07_PRD/W4-02A.6.11_PRD_CURRENT_PRODUCT_REQUIREMENTS_FULL_CONSOLIDATED_v2.1.docx,RUMAHAGEN_WF03_M15_FULL_REBUILD_v1.1_CORE_DETAIL_SYNCHRONIZED_FULL_VERSION.zip,Functional,STEP13-G_SUCCESSOR_INTEGRATED_SYSTEM_RECONCILIATION_FULL_v1.1.md,CANON-CAM11-0014,AUGMENT,YES,YES,,NO,NO,PASS,EVIDENCE-GATED / NOT VERIFIED unless explicit evidence exists; no invented runtime proof.,EXPLICIT_INTEGRATED_CANDIDATE,TRACEABLE_AND_INCORPORATED,M15-P4-WP01,B06
M15-IA-17,M15,AUGMENT,CAM11-0014,07_PRD/W4-02A.6.11_PRD_CURRENT_PRODUCT_REQUIREMENTS_FULL_CONSOLIDATED_v2.1.docx,RUMAHAGEN_WF03_M15_FULL_REBUILD_v1.1_CORE_DETAIL_SYNCHRONIZED_FULL_VERSION.zip,Technical,STEP13-G_SUCCESSOR_INTEGRATED_SYSTEM_RECONCILIATION_FULL_v1.1.md,CANON-CAM11-0014,AUGMENT,YES,YES,,NO,NO,PASS,EVIDENCE-GATED / NOT VERIFIED unless explicit evidence exists; no invented runtime proof.,EXPLICIT_INTEGRATED_CANDIDATE,TRACEABLE_AND_INCORPORATED,M15-P4-WP01,B06
M15-IA-18,M15,AUGMENT,CAM11-0014,07_PRD/W4-02A.6.11_PRD_CURRENT_PRODUCT_REQUIREMENTS_FULL_CONSOLIDATED_v2.1.docx,RUMAHAGEN_WF03_M15_FULL_REBUILD_v1.1_CORE_DETAIL_SYNCHRONIZED_FULL_VERSION.zip,UI/UX,STEP13-G_SUCCESSOR_INTEGRATED_SYSTEM_RECONCILIATION_FULL_v1.1.md,CANON-CAM11-0014,AUGMENT,YES,YES,,NO,NO,PASS,EVIDENCE-GATED / NOT VERIFIED unless explicit evidence exists; no invented runtime proof.,EXPLICIT_INTEGRATED_CANDIDATE,TRACEABLE_AND_INCORPORATED,M15-P4-WP01,B06
M15-IA-19,M15,AUGMENT,CAM11-0014,07_PRD/W4-02A.6.11_PRD_CURRENT_PRODUCT_REQUIREMENTS_FULL_CONSOLIDATED_v2.1.docx,RUMAHAGEN_WF03_M15_FULL_REBUILD_v1.1_CORE_DETAIL_SYNCHRONIZED_FULL_VERSION.zip,Dependencies,STEP13-G_SUCCESSOR_INTEGRATED_SYSTEM_RECONCILIATION_FULL_v1.1.md,CANON-CAM11-0014,AUGMENT,YES,YES,,NO,NO,PASS,EVIDENCE-GATED / NOT VERIFIED unless explicit evidence exists; no invented runtime proof.,EXPLICIT_INTEGRATED_CANDIDATE,TRACEABLE_AND_INCORPORATED,M15-P4-WP01,B06
M15-IA-20,M15,CONTROLLED,CAM11-0014,07_PRD/W4-02A.6.11_PRD_CURRENT_PRODUCT_REQUIREMENTS_FULL_CONSOLIDATED_v2.1.docx,RUMAHAGEN_WF03_M15_FULL_REBUILD_v1.1_CORE_DETAIL_SYNCHRONIZED_FULL_VERSION.zip,Physical implementation,STEP13-G_SUCCESSOR_INTEGRATED_SYSTEM_RECONCILIATION_FULL_v1.1.md,CANON-CAM11-0014,CONTROLLED,YES,,,NO,NO,PASS,EVIDENCE-GATED / NOT VERIFIED unless explicit evidence exists; no invented runtime proof.,EXPLICIT_INTEGRATED_CANDIDATE,TRACEABLE_CONTROLLED,M15-P4-WP01,B06
M15-IA-21,M15,CONTROLLED,CAM11-0014,07_PRD/W4-02A.6.11_PRD_CURRENT_PRODUCT_REQUIREMENTS_FULL_CONSOLIDATED_v2.1.docx,RUMAHAGEN_WF03_M15_FULL_REBUILD_v1.1_CORE_DETAIL_SYNCHRONIZED_FULL_VERSION.zip,Runtime,STEP13-G_SUCCESSOR_INTEGRATED_SYSTEM_RECONCILIATION_FULL_v1.1.md,CANON-CAM11-0014,CONTROLLED,YES,,,NO,NO,PASS,EVIDENCE-GATED / NOT VERIFIED unless explicit evidence exists; no invented runtime proof.,EXPLICIT_INTEGRATED_CANDIDATE,TRACEABLE_CONTROLLED,M15-P4-WP01,B06
M15-IA-22,M15,NO-PROPAGATION,CAM11-0014,07_PRD/W4-02A.6.11_PRD_CURRENT_PRODUCT_REQUIREMENTS_FULL_CONSOLIDATED_v2.1.docx,RUMAHAGEN_WF03_M15_FULL_REBUILD_v1.1_CORE_DETAIL_SYNCHRONIZED_FULL_VERSION.zip,Production,STEP13-G_SUCCESSOR_INTEGRATED_SYSTEM_RECONCILIATION_FULL_v1.1.md,CANON-CAM11-0014,NO-PROPAGATION,YES,,,NO,NO,PASS,EVIDENCE-GATED / NOT VERIFIED unless explicit evidence exists; no invented runtime proof.,EXPLICIT_INTEGRATED_CANDIDATE,TRACEABLE_CONTROLLED,M15-P4-WP01,B06
