finding_id,module,core_artifact_id,classification,semantic_detail,final_semantic_authority,authority_role,authority_resolution,core_authority_owner,mxx_authority_artifact,step05_required,step06_merge_status
M01-CI-001,M01,CAM11-0034,PRESERVE,User / Identity View-Update,M01,DOMAIN_AUTHORITY,M01 is the current semantic authority for its domain; cross-module consumers do not acquire ownership.,CORE FUNCTIONAL CONTRACT AUTHORITY,WF03-03-01_M01_FULL_SEMANTIC_REBUILD_v1.1.md,NO,CLOSED
M01-CI-002,M01,CAM11-0034,PRESERVE,OTP / authentication lifecycle,M01,DOMAIN_AUTHORITY,M01 is the current semantic authority for its domain; cross-module consumers do not acquire ownership.,CORE FUNCTIONAL CONTRACT AUTHORITY,WF03-03-01_M01_FULL_SEMANTIC_REBUILD_v1.1.md,NO,CLOSED
M01-CI-003,M01,CAM11-0034,PRESERVE,Verification Document Create,M01,DOMAIN_AUTHORITY,M01 is the current semantic authority for its domain; cross-module consumers do not acquire ownership.,CORE FUNCTIONAL CONTRACT AUTHORITY,WF03-03-01_M01_FULL_SEMANTIC_REBUILD_v1.1.md,NO,CLOSED
M01-CI-004,M01,26_ENGINEERING_ALIGNMENT/W4-02A.6.30_ENGINEERING_ALIGNMENT_GUIDEBOOK_PLAYBOOK_v2.1.md,PRESERVE,Verification Document View,M01,DOMAIN_AUTHORITY,M01 is the current semantic authority for its domain; cross-module consumers do not acquire ownership.,CORE ENGINEERING ALIGNMENT AUTHORITY,WF03-03-01_M01_FULL_SEMANTIC_REBUILD_v1.1.md,NO,CLOSED
M01-CI-005,M01,26_ENGINEERING_ALIGNMENT/W4-02A.6.30_ENGINEERING_ALIGNMENT_GUIDEBOOK_PLAYBOOK_v2.1.md,PRESERVE,Verification Document Review,M01,DOMAIN_AUTHORITY,M01 is the current semantic authority for its domain; cross-module consumers do not acquire ownership.,CORE ENGINEERING ALIGNMENT AUTHORITY,WF03-03-01_M01_FULL_SEMANTIC_REBUILD_v1.1.md,NO,CLOSED
M01-CI-006,M01,14_FUNCTIONAL/W4-02A.6.18_FUNCTIONAL_SPECIFICATION_CURRENT_FUNCTIONAL_IMPLEMENTATION_CONTRACT_v2.1.md,PRESERVE,Agent auto-activation,M01,DOMAIN_AUTHORITY,M01 is the current semantic authority for its domain; cross-module consumers do not acquire ownership.,CORE FUNCTIONAL CONTRACT AUTHORITY,WF03-03-01_M01_FULL_SEMANTIC_REBUILD_v1.1.md,NO,CLOSED
M01-CI-007,M01,26_ENGINEERING_ALIGNMENT/W4-02A.6.30_ENGINEERING_ALIGNMENT_GUIDEBOOK_PLAYBOOK_v2.1.md,AUGMENT,Conditional KTP eligibility,M01,DOMAIN_AUTHORITY,M01 is the current semantic authority for its domain; cross-module consumers do not acquire ownership.,CORE ENGINEERING ALIGNMENT AUTHORITY,WF03-03-01_M01_FULL_SEMANTIC_REBUILD_v1.1.md,NO,CLOSED
M01-CI-008,M01,20_MODULE_PLANNING/W4-02A.6.24_REVISED_MODULE_PLANNING_CURRENT_MODULE_DELIVERY_PLANNING_v2.1.md,PRESERVE,KTP DEFERRED / ISI NANTI,M01,DOMAIN_AUTHORITY,M01 is the current semantic authority for its domain; cross-module consumers do not acquire ownership.,CORE MODULE PLANNING AUTHORITY,WF03-03-01_M01_FULL_SEMANTIC_REBUILD_v1.1.md,NO,CLOSED
M01-CI-009,M01,19_IMPLEMENTATION_STRATEGY/W4-02A.6.23_MODULE_IMPLEMENTATION_STRATEGY_INTEGRATED_IMPLEMENTATION_SEQUENCING_v2.1.md,RECONCILE,Pending Review boundary,M01,DOMAIN_AUTHORITY,M01 is the current semantic authority for its domain; cross-module consumers do not acquire ownership.,CORE IMPLEMENTATION STRATEGY AUTHORITY,WF03-03-01_M01_FULL_SEMANTIC_REBUILD_v1.1.md,YES,CLOSED
M01-CI-010,M01,26_ENGINEERING_ALIGNMENT/W4-02A.6.30_ENGINEERING_ALIGNMENT_GUIDEBOOK_PLAYBOOK_v2.1.md,PRESERVE,Identity → authorization M10,M01,DOMAIN_AUTHORITY,M01 is the current semantic authority for its domain; cross-module consumers do not acquire ownership.,CORE ENGINEERING ALIGNMENT AUTHORITY,WF03-03-01_M01_FULL_SEMANTIC_REBUILD_v1.1.md,NO,CLOSED
M01-CI-011,M01,26_ENGINEERING_ALIGNMENT/W4-02A.6.30_ENGINEERING_ALIGNMENT_GUIDEBOOK_PLAYBOOK_v2.1.md,PRESERVE,Identity dependencies M02/M03/M06,M01,DOMAIN_AUTHORITY,M01 is the current semantic authority for its domain; cross-module consumers do not acquire ownership.,CORE ENGINEERING ALIGNMENT AUTHORITY,WF03-03-01_M01_FULL_SEMANTIC_REBUILD_v1.1.md,NO,CLOSED
M01-CI-012,M01,CAM11-0045,PRESERVE,Physical/runtime separation,M01,DOMAIN_AUTHORITY,M01 is the current semantic authority for its domain; cross-module consumers do not acquire ownership.,M01–M07 EXECUTION CONTEXT; MODULE AUTHORITIES REMAIN SEMANTIC AUTHORITY,WF03-03-01_M01_FULL_SEMANTIC_REBUILD_v1.1.md,NO,CLOSED
M01-CI-013,M01,04_ARCHITECTURE/W4-02A.6.5_SYSTEM_ARCHITECTURE_FULL_CONSOLIDATED_v1.8.docx,CONTROLLED,M01 physical/runtime status,M01,DOMAIN_AUTHORITY,M01 is the current semantic authority for its domain; cross-module consumers do not acquire ownership.,CORE ARCHITECTURE,WF03-03-01_M01_FULL_SEMANTIC_REBUILD_v1.1.md,NO,CLOSED
M01-CI-014,M01,04_ARCHITECTURE/W4-02A.6.5_SYSTEM_ARCHITECTURE_FULL_CONSOLIDATED_v1.8.docx,NO-PROPAGATION,M01 public profile authority,M01,DOMAIN_AUTHORITY,M01 is the current semantic authority for its domain; cross-module consumers do not acquire ownership.,CORE ARCHITECTURE,WF03-03-01_M01_FULL_SEMANTIC_REBUILD_v1.1.md,NO,CLOSED
M02-CI-001,M02,20_MODULE_PLANNING/W4-02A.6.24_REVISED_MODULE_PLANNING_CURRENT_MODULE_DELIVERY_PLANNING_v2.1.md,PRESERVE,Agent Profile — View,M02,DOMAIN_AUTHORITY,M02 is the current semantic authority for its domain; cross-module consumers do not acquire ownership.,CORE MODULE PLANNING AUTHORITY,WF03-03-02_M02_FULL_SEMANTIC_REBUILD_v1.1.md,NO,CLOSED
M02-CI-002,M02,14_FUNCTIONAL/W4-02A.6.18_FUNCTIONAL_SPECIFICATION_CURRENT_FUNCTIONAL_IMPLEMENTATION_CONTRACT_v2.1.md,PRESERVE,Agent Profile — Update,M02,DOMAIN_AUTHORITY,M02 is the current semantic authority for its domain; cross-module consumers do not acquire ownership.,CORE FUNCTIONAL CONTRACT AUTHORITY,WF03-03-02_M02_FULL_SEMANTIC_REBUILD_v1.1.md,NO,CLOSED
M02-CI-003,M02,26_ENGINEERING_ALIGNMENT/W4-02A.6.30_ENGINEERING_ALIGNMENT_GUIDEBOOK_PLAYBOOK_v2.1.md,PRESERVE,Profile Visibility — PUBLIC/PRIVATE,M02,DOMAIN_AUTHORITY,M02 is the current semantic authority for its domain; cross-module consumers do not acquire ownership.,CORE ENGINEERING ALIGNMENT AUTHORITY,WF03-03-02_M02_FULL_SEMANTIC_REBUILD_v1.1.md,NO,CLOSED
M02-CI-004,M02,17_SEO_ANALYTICS/W4-02A.6.21_SEO_ANALYTICS_SPECIFICATION_DISCOVERY_MEASUREMENT_BASELINE_v2.1.md,PRESERVE,Public CTA — explicit opt-in,M02,DOMAIN_AUTHORITY,M02 is the current semantic authority for its domain; cross-module consumers do not acquire ownership.,M11 PUBLIC DISCOVERY / SEO / MEASUREMENT AUTHORITY,WF03-03-02_M02_FULL_SEMANTIC_REBUILD_v1.1.md,NO,CLOSED
M02-CI-005,M02,26_ENGINEERING_ALIGNMENT/W4-02A.6.30_ENGINEERING_ALIGNMENT_GUIDEBOOK_PLAYBOOK_v2.1.md,PRESERVE,Superadmin visibility/CTA override,M02,DOMAIN_AUTHORITY,M02 is the current semantic authority for its domain; cross-module consumers do not acquire ownership.,CORE ENGINEERING ALIGNMENT AUTHORITY,WF03-03-02_M02_FULL_SEMANTIC_REBUILD_v1.1.md,NO,CLOSED
M02-CI-006,M02,CAM11-0034,PRESERVE,Review Create — OWN,M02,DOMAIN_AUTHORITY,M02 is the current semantic authority for its domain; cross-module consumers do not acquire ownership.,CORE FUNCTIONAL CONTRACT AUTHORITY,WF03-03-02_M02_FULL_SEMANTIC_REBUILD_v1.1.md,NO,CLOSED
M02-CI-007,M02,26_ENGINEERING_ALIGNMENT/W4-02A.6.30_ENGINEERING_ALIGNMENT_GUIDEBOOK_PLAYBOOK_v2.1.md,PRESERVE,Review View,M02,DOMAIN_AUTHORITY,M02 is the current semantic authority for its domain; cross-module consumers do not acquire ownership.,CORE ENGINEERING ALIGNMENT AUTHORITY,WF03-03-02_M02_FULL_SEMANTIC_REBUILD_v1.1.md,NO,CLOSED
M02-CI-008,M02,26_ENGINEERING_ALIGNMENT/W4-02A.6.30_ENGINEERING_ALIGNMENT_GUIDEBOOK_PLAYBOOK_v2.1.md,RECONCILE,Review Auto-Approve / post-publication moderation,M02,DOMAIN_AUTHORITY,M02 is the current semantic authority for its domain; cross-module consumers do not acquire ownership.,CORE ENGINEERING ALIGNMENT AUTHORITY,WF03-03-02_M02_FULL_SEMANTIC_REBUILD_v1.1.md,YES,CLOSED
M02-CI-009,M02,04_ARCHITECTURE/W4-02A.6.5_SYSTEM_ARCHITECTURE_FULL_CONSOLIDATED_v1.8.docx,ADD-NEW,Outcome Presentation — non-owning,M02,DOMAIN_AUTHORITY,M02 is the current semantic authority for its domain; cross-module consumers do not acquire ownership.,CORE ARCHITECTURE,WF03-03-02_M02_FULL_SEMANTIC_REBUILD_v1.1.md,NO,CLOSED
M02-CI-010,M02,CAM11-0035,PRESERVE,Private Identity / Legal / Verification boundary,M02,DOMAIN_AUTHORITY,M02 is the current semantic authority for its domain; cross-module consumers do not acquire ownership.,CORE TECHNICAL CONTRACT AUTHORITY,WF03-03-02_M02_FULL_SEMANTIC_REBUILD_v1.1.md,NO,CLOSED
M02-CI-011,M02,CAM11-0034,RECONCILE,KTP deferred semantics,M02,DOMAIN_AUTHORITY,M02 is the current semantic authority for its domain; cross-module consumers do not acquire ownership.,CORE FUNCTIONAL CONTRACT AUTHORITY,WF03-03-02_M02_FULL_SEMANTIC_REBUILD_v1.1.md,YES,CLOSED
M02-CI-012,M02,26_ENGINEERING_ALIGNMENT/W4-02A.6.30_ENGINEERING_ALIGNMENT_GUIDEBOOK_PLAYBOOK_v2.1.md,PRESERVE,M02 ↔ M01 identity boundary,M02,DOMAIN_AUTHORITY,M02 is the current semantic authority for its domain; cross-module consumers do not acquire ownership.,CORE ENGINEERING ALIGNMENT AUTHORITY,WF03-03-02_M02_FULL_SEMANTIC_REBUILD_v1.1.md,NO,CLOSED
M02-CI-013,M02,26_ENGINEERING_ALIGNMENT/W4-02A.6.30_ENGINEERING_ALIGNMENT_GUIDEBOOK_PLAYBOOK_v2.1.md,PRESERVE,M02 ↔ M03 Listing boundary,M02,DOMAIN_AUTHORITY,M02 is the current semantic authority for its domain; cross-module consumers do not acquire ownership.,CORE ENGINEERING ALIGNMENT AUTHORITY,WF03-03-02_M02_FULL_SEMANTIC_REBUILD_v1.1.md,NO,CLOSED
M02-CI-014,M02,26_ENGINEERING_ALIGNMENT/W4-02A.6.30_ENGINEERING_ALIGNMENT_GUIDEBOOK_PLAYBOOK_v2.1.md,PRESERVE,M02 ↔ M10 authorization boundary,M02,DOMAIN_AUTHORITY,M02 is the current semantic authority for its domain; cross-module consumers do not acquire ownership.,CORE ENGINEERING ALIGNMENT AUTHORITY,WF03-03-02_M02_FULL_SEMANTIC_REBUILD_v1.1.md,NO,CLOSED
M02-CI-015,M02,CAM11-0046,PRESERVE,Physical/runtime separation,M02,DOMAIN_AUTHORITY,M02 is the current semantic authority for its domain; cross-module consumers do not acquire ownership.,M01–M07 EXECUTION CONTEXT; MODULE AUTHORITIES REMAIN SEMANTIC AUTHORITY,WF03-03-02_M02_FULL_SEMANTIC_REBUILD_v1.1.md,NO,CLOSED
M02-CI-016,M02,04_ARCHITECTURE/W4-02A.6.5_SYSTEM_ARCHITECTURE_FULL_CONSOLIDATED_v1.8.docx,CONTROLLED,M02 physical/runtime status,M02,DOMAIN_AUTHORITY,M02 is the current semantic authority for its domain; cross-module consumers do not acquire ownership.,CORE ARCHITECTURE,WF03-03-02_M02_FULL_SEMANTIC_REBUILD_v1.1.md,NO,CLOSED
M02-CI-017,M02,04_ARCHITECTURE/W4-02A.6.5_SYSTEM_ARCHITECTURE_FULL_CONSOLIDATED_v1.8.docx,NO-PROPAGATION,Outcome upstream authority,M02,DOMAIN_AUTHORITY,M02 is the current semantic authority for its domain; cross-module consumers do not acquire ownership.,CORE ARCHITECTURE,WF03-03-02_M02_FULL_SEMANTIC_REBUILD_v1.1.md,NO,CLOSED
M03-CI-001,M03,20_MODULE_PLANNING/W4-02A.6.24_REVISED_MODULE_PLANNING_CURRENT_MODULE_DELIVERY_PLANNING_v2.1.md,RECONCILE,Publication / no Pending Review,M03,DOMAIN_AUTHORITY,M03 is the current semantic authority for its domain; cross-module consumers do not acquire ownership.,CORE MODULE PLANNING AUTHORITY,RUMAHAGEN_WF03_M03_FULL_REBUILD_v1.3_QIR_INTEGRATED_CONTROLLED/00_M03_REBUILD_CONTROL_REPORT_v1.3.md,YES,CLOSED
M03-CI-002,M03,20_MODULE_PLANNING/W4-02A.6.24_REVISED_MODULE_PLANNING_CURRENT_MODULE_DELIVERY_PLANNING_v2.1.md,PRESERVE,Suspension / violation enforcement,M03,DOMAIN_AUTHORITY,M03 is the current semantic authority for its domain; cross-module consumers do not acquire ownership.,CORE MODULE PLANNING AUTHORITY,RUMAHAGEN_WF03_M03_FULL_REBUILD_v1.3_QIR_INTEGRATED_CONTROLLED/00_M03_REBUILD_CONTROL_REPORT_v1.3.md,NO,CLOSED
M03-CI-003,M03,17_SEO_ANALYTICS/W4-02A.6.21_SEO_ANALYTICS_SPECIFICATION_DISCOVERY_MEASUREMENT_BASELINE_v2.1.md,PRESERVE,Sold/Rented search exclusion and profile count,M03,DOMAIN_AUTHORITY,M03 is the current semantic authority for its domain; cross-module consumers do not acquire ownership.,M11 PUBLIC DISCOVERY / SEO / MEASUREMENT AUTHORITY,RUMAHAGEN_WF03_M03_FULL_REBUILD_v1.3_QIR_INTEGRATED_CONTROLLED/00_M03_REBUILD_CONTROL_REPORT_v1.3.md,NO,CLOSED
M03-CI-004,M03,20_MODULE_PLANNING/W4-02A.6.24_REVISED_MODULE_PLANNING_CURRENT_MODULE_DELIVERY_PLANNING_v2.1.md,PRESERVE,Owner-only Listing edit,M03,DOMAIN_AUTHORITY,M03 is the current semantic authority for its domain; cross-module consumers do not acquire ownership.,CORE MODULE PLANNING AUTHORITY,RUMAHAGEN_WF03_M03_FULL_REBUILD_v1.3_QIR_INTEGRATED_CONTROLLED/00_M03_REBUILD_CONTROL_REPORT_v1.3.md,NO,CLOSED
M03-CI-005,M03,17_SEO_ANALYTICS/W4-02A.6.21_SEO_ANALYTICS_SPECIFICATION_DISCOVERY_MEASUREMENT_BASELINE_v2.1.md,PRESERVE,Four-field post-publish locks,M03,DOMAIN_AUTHORITY,M03 is the current semantic authority for its domain; cross-module consumers do not acquire ownership.,M11 PUBLIC DISCOVERY / SEO / MEASUREMENT AUTHORITY,RUMAHAGEN_WF03_M03_FULL_REBUILD_v1.3_QIR_INTEGRATED_CONTROLLED/00_M03_REBUILD_CONTROL_REPORT_v1.3.md,NO,CLOSED
M03-CI-006,M03,27_AI_BLUEPRINT/W4-02A.6.31_AI_DEVELOPMENT_BLUEPRINT_v2.1.md,ADD-NEW,Refresh daily quota default 5,M03,DOMAIN_AUTHORITY,M03 is the current semantic authority for its domain; cross-module consumers do not acquire ownership.,CORE AI DEVELOPMENT BLUEPRINT AUTHORITY,RUMAHAGEN_WF03_M03_FULL_REBUILD_v1.3_QIR_INTEGRATED_CONTROLLED/00_M03_REBUILD_CONTROL_REPORT_v1.3.md,NO,CLOSED
M03-CI-007,M03,26_ENGINEERING_ALIGNMENT/W4-02A.6.30_ENGINEERING_ALIGNMENT_GUIDEBOOK_PLAYBOOK_v2.1.md,PRESERVE,Refresh Superadmin configuration,M03,DOMAIN_AUTHORITY,M03 is the current semantic authority for its domain; cross-module consumers do not acquire ownership.,CORE ENGINEERING ALIGNMENT AUTHORITY,RUMAHAGEN_WF03_M03_FULL_REBUILD_v1.3_QIR_INTEGRATED_CONTROLLED/00_M03_REBUILD_CONTROL_REPORT_v1.3.md,NO,CLOSED
M03-CI-008,M03,26_ENGINEERING_ALIGNMENT/W4-02A.6.30_ENGINEERING_ALIGNMENT_GUIDEBOOK_PLAYBOOK_v2.1.md,PRESERVE,Refresh no carry-forward,M03,DOMAIN_AUTHORITY,M03 is the current semantic authority for its domain; cross-module consumers do not acquire ownership.,CORE ENGINEERING ALIGNMENT AUTHORITY,RUMAHAGEN_WF03_M03_FULL_REBUILD_v1.3_QIR_INTEGRATED_CONTROLLED/00_M03_REBUILD_CONTROL_REPORT_v1.3.md,NO,CLOSED
M03-CI-009,M03,04_ARCHITECTURE/W4-02A.6.5_SYSTEM_ARCHITECTURE_FULL_CONSOLIDATED_v1.8.docx,ADD-NEW,Refresh Asia/Jakarta reset,M03,DOMAIN_AUTHORITY,M03 is the current semantic authority for its domain; cross-module consumers do not acquire ownership.,CORE ARCHITECTURE,RUMAHAGEN_WF03_M03_FULL_REBUILD_v1.3_QIR_INTEGRATED_CONTROLLED/00_M03_REBUILD_CONTROL_REPORT_v1.3.md,NO,CLOSED
M03-CI-010,M03,04_ARCHITECTURE/W4-02A.6.5_SYSTEM_ARCHITECTURE_FULL_CONSOLIDATED_v1.8.docx,ADD-NEW,One successful Refresh per Listing/day,M03,DOMAIN_AUTHORITY,M03 is the current semantic authority for its domain; cross-module consumers do not acquire ownership.,CORE ARCHITECTURE,RUMAHAGEN_WF03_M03_FULL_REBUILD_v1.3_QIR_INTEGRATED_CONTROLLED/00_M03_REBUILD_CONTROL_REPORT_v1.3.md,NO,CLOSED
M03-CI-011,M03,04_ARCHITECTURE/W4-02A.6.5_SYSTEM_ARCHITECTURE_FULL_CONSOLIDATED_v1.8.docx,ADD-NEW,District-local Refresh repositioning,M03,DOMAIN_AUTHORITY,M03 is the current semantic authority for its domain; cross-module consumers do not acquire ownership.,CORE ARCHITECTURE,RUMAHAGEN_WF03_M03_FULL_REBUILD_v1.3_QIR_INTEGRATED_CONTROLLED/00_M03_REBUILD_CONTROL_REPORT_v1.3.md,NO,CLOSED
M03-CI-012,M03,04_ARCHITECTURE/W4-02A.6.5_SYSTEM_ARCHITECTURE_FULL_CONSOLIDATED_v1.8.docx,ADD-NEW,Refresh tie-break first recorded,M03,DOMAIN_AUTHORITY,M03 is the current semantic authority for its domain; cross-module consumers do not acquire ownership.,CORE ARCHITECTURE,RUMAHAGEN_WF03_M03_FULL_REBUILD_v1.3_QIR_INTEGRATED_CONTROLLED/00_M03_REBUILD_CONTROL_REPORT_v1.3.md,NO,CLOSED
M03-CI-013,M03,19_IMPLEMENTATION_STRATEGY/W4-02A.6.23_MODULE_IMPLEMENTATION_STRATEGY_INTEGRATED_IMPLEMENTATION_SEQUENCING_v2.1.md,PRESERVE,Refresh server-authoritative timestamp,M03,DOMAIN_AUTHORITY,M03 is the current semantic authority for its domain; cross-module consumers do not acquire ownership.,CORE IMPLEMENTATION STRATEGY AUTHORITY,RUMAHAGEN_WF03_M03_FULL_REBUILD_v1.3_QIR_INTEGRATED_CONTROLLED/00_M03_REBUILD_CONTROL_REPORT_v1.3.md,NO,CLOSED
M03-CI-014,M03,27_AI_BLUEPRINT/W4-02A.6.31_AI_DEVELOPMENT_BLUEPRINT_v2.1.md,ADD-NEW,Media derivative thumbnails,M03,DOMAIN_AUTHORITY,M03 is the current semantic authority for its domain; cross-module consumers do not acquire ownership.,CORE AI DEVELOPMENT BLUEPRINT AUTHORITY,RUMAHAGEN_WF03_M03_FULL_REBUILD_v1.3_QIR_INTEGRATED_CONTROLLED/00_M03_REBUILD_CONTROL_REPORT_v1.3.md,NO,CLOSED
M03-CI-015,M03,04_ARCHITECTURE/W4-02A.6.5_SYSTEM_ARCHITECTURE_FULL_CONSOLIDATED_v1.8.docx,ADD-NEW,Media no stretching,M03,DOMAIN_AUTHORITY,M03 is the current semantic authority for its domain; cross-module consumers do not acquire ownership.,CORE ARCHITECTURE,RUMAHAGEN_WF03_M03_FULL_REBUILD_v1.3_QIR_INTEGRATED_CONTROLLED/00_M03_REBUILD_CONTROL_REPORT_v1.3.md,NO,CLOSED
M03-CI-016,M03,04_ARCHITECTURE/W4-02A.6.5_SYSTEM_ARCHITECTURE_FULL_CONSOLIDATED_v1.8.docx,ADD-NEW,Listing geographic binding,M03,DOMAIN_AUTHORITY,M03 is the current semantic authority for its domain; cross-module consumers do not acquire ownership.,CORE ARCHITECTURE,RUMAHAGEN_WF03_M03_FULL_REBUILD_v1.3_QIR_INTEGRATED_CONTROLLED/00_M03_REBUILD_CONTROL_REPORT_v1.3.md,NO,CLOSED
M03-CI-017,M03,26_ENGINEERING_ALIGNMENT/W4-02A.6.30_ENGINEERING_ALIGNMENT_GUIDEBOOK_PLAYBOOK_v2.1.md,PRESERVE,Audit provenance,M03,DOMAIN_AUTHORITY,M03 is the current semantic authority for its domain; cross-module consumers do not acquire ownership.,CORE ENGINEERING ALIGNMENT AUTHORITY,RUMAHAGEN_WF03_M03_FULL_REBUILD_v1.3_QIR_INTEGRATED_CONTROLLED/00_M03_REBUILD_CONTROL_REPORT_v1.3.md,NO,CLOSED
M03-CI-018,M03,12_API/W4-02A.6.16_API_SPECIFICATION_CURRENT_API_CONTRACT_BASELINE_FULL_CONSOLIDATED_v2.1.docx,ADD-NEW,API Refresh,M03,DOMAIN_AUTHORITY,M03 is the current semantic authority for its domain; cross-module consumers do not acquire ownership.,CORE API CONTRACT AUTHORITY,RUMAHAGEN_WF03_M03_FULL_REBUILD_v1.3_QIR_INTEGRATED_CONTROLLED/00_M03_REBUILD_CONTROL_REPORT_v1.3.md,NO,CLOSED
M03-CI-019,M03,CAM11-0047,PRESERVE,Physical/runtime separation,M03,DOMAIN_AUTHORITY,M03 is the current semantic authority for its domain; cross-module consumers do not acquire ownership.,M01–M07 EXECUTION CONTEXT; MODULE AUTHORITIES REMAIN SEMANTIC AUTHORITY,RUMAHAGEN_WF03_M03_FULL_REBUILD_v1.3_QIR_INTEGRATED_CONTROLLED/00_M03_REBUILD_CONTROL_REPORT_v1.3.md,NO,CLOSED
M03-CI-020,M03,04_ARCHITECTURE/W4-02A.6.5_SYSTEM_ARCHITECTURE_FULL_CONSOLIDATED_v1.8.docx,NO-PROPAGATION,Refresh does not create regional quota,M03,DOMAIN_AUTHORITY,M03 is the current semantic authority for its domain; cross-module consumers do not acquire ownership.,CORE ARCHITECTURE,RUMAHAGEN_WF03_M03_FULL_REBUILD_v1.3_QIR_INTEGRATED_CONTROLLED/00_M03_REBUILD_CONTROL_REPORT_v1.3.md,NO,CLOSED
M03-CI-021,M03,27_AI_BLUEPRINT/W4-02A.6.31_AI_DEVELOPMENT_BLUEPRINT_v2.1.md,CONTROLLED,M03 physical/runtime claims,M03,DOMAIN_AUTHORITY,M03 is the current semantic authority for its domain; cross-module consumers do not acquire ownership.,CORE AI DEVELOPMENT BLUEPRINT AUTHORITY,RUMAHAGEN_WF03_M03_FULL_REBUILD_v1.3_QIR_INTEGRATED_CONTROLLED/00_M03_REBUILD_CONTROL_REPORT_v1.3.md,NO,CLOSED
M04-CI-001,M04,04_ARCHITECTURE/W4-02A.6.5_SYSTEM_ARCHITECTURE_FULL_CONSOLIDATED_v1.8.docx,PRESERVE,Learning Activity + Completion,M04,DOMAIN_AUTHORITY,M04 is the current semantic authority for its domain; cross-module consumers do not acquire ownership.,CORE ARCHITECTURE,RUMAHAGEN_WF03_M04_FULL_REBUILD_v1.2_QIR_INTEGRATED_CONTROLLED/M04_CANONICAL_v1.2.md,NO,CLOSED
M04-CI-002,M04,04_ARCHITECTURE/W4-02A.6.5_SYSTEM_ARCHITECTURE_FULL_CONSOLIDATED_v1.8.docx,PRESERVE,Learning Session,M04,DOMAIN_AUTHORITY,M04 is the current semantic authority for its domain; cross-module consumers do not acquire ownership.,CORE ARCHITECTURE,RUMAHAGEN_WF03_M04_FULL_REBUILD_v1.2_QIR_INTEGRATED_CONTROLLED/M04_CANONICAL_v1.2.md,NO,CLOSED
M04-CI-003,M04,04_ARCHITECTURE/W4-02A.6.5_SYSTEM_ARCHITECTURE_FULL_CONSOLIDATED_v1.8.docx,PRESERVE,Session Enrollment,M04,DOMAIN_AUTHORITY,M04 is the current semantic authority for its domain; cross-module consumers do not acquire ownership.,CORE ARCHITECTURE,RUMAHAGEN_WF03_M04_FULL_REBUILD_v1.2_QIR_INTEGRATED_CONTROLLED/M04_CANONICAL_v1.2.md,NO,CLOSED
M04-CI-004,M04,04_ARCHITECTURE/W4-02A.6.5_SYSTEM_ARCHITECTURE_FULL_CONSOLIDATED_v1.8.docx,PRESERVE,Session Evidence / Attendance / Completion,M04,DOMAIN_AUTHORITY,M04 is the current semantic authority for its domain; cross-module consumers do not acquire ownership.,CORE ARCHITECTURE,RUMAHAGEN_WF03_M04_FULL_REBUILD_v1.2_QIR_INTEGRATED_CONTROLLED/M04_CANONICAL_v1.2.md,NO,CLOSED
M04-CI-005,M04,04_ARCHITECTURE/W4-02A.6.5_SYSTEM_ARCHITECTURE_FULL_CONSOLIDATED_v1.8.docx,PRESERVE,Session Artifact,M04,DOMAIN_AUTHORITY,M04 is the current semantic authority for its domain; cross-module consumers do not acquire ownership.,CORE ARCHITECTURE,RUMAHAGEN_WF03_M04_FULL_REBUILD_v1.2_QIR_INTEGRATED_CONTROLLED/M04_CANONICAL_v1.2.md,NO,CLOSED
M04-CI-006,M04,04_ARCHITECTURE/W4-02A.6.5_SYSTEM_ARCHITECTURE_FULL_CONSOLIDATED_v1.8.docx,PRESERVE,Session Assignment,M04,DOMAIN_AUTHORITY,M04 is the current semantic authority for its domain; cross-module consumers do not acquire ownership.,CORE ARCHITECTURE,RUMAHAGEN_WF03_M04_FULL_REBUILD_v1.2_QIR_INTEGRATED_CONTROLLED/M04_CANONICAL_v1.2.md,NO,CLOSED
M04-CI-007,M04,04_ARCHITECTURE/W4-02A.6.5_SYSTEM_ARCHITECTURE_FULL_CONSOLIDATED_v1.8.docx,PRESERVE,Provider,M04,DOMAIN_AUTHORITY,M04 is the current semantic authority for its domain; cross-module consumers do not acquire ownership.,CORE ARCHITECTURE,RUMAHAGEN_WF03_M04_FULL_REBUILD_v1.2_QIR_INTEGRATED_CONTROLLED/M04_CANONICAL_v1.2.md,NO,CLOSED
M04-CI-008,M04,04_ARCHITECTURE/W4-02A.6.5_SYSTEM_ARCHITECTURE_FULL_CONSOLIDATED_v1.8.docx,PRESERVE,Host / Instructor,M04,DOMAIN_AUTHORITY,M04 is the current semantic authority for its domain; cross-module consumers do not acquire ownership.,CORE ARCHITECTURE,RUMAHAGEN_WF03_M04_FULL_REBUILD_v1.2_QIR_INTEGRATED_CONTROLLED/M04_CANONICAL_v1.2.md,NO,CLOSED
M04-CI-009,M04,04_ARCHITECTURE/W4-02A.6.5_SYSTEM_ARCHITECTURE_FULL_CONSOLIDATED_v1.8.docx,PRESERVE,Session Visibility,M04,DOMAIN_AUTHORITY,M04 is the current semantic authority for its domain; cross-module consumers do not acquire ownership.,CORE ARCHITECTURE,RUMAHAGEN_WF03_M04_FULL_REBUILD_v1.2_QIR_INTEGRATED_CONTROLLED/M04_CANONICAL_v1.2.md,NO,CLOSED
M04-CI-010,M04,04_ARCHITECTURE/W4-02A.6.5_SYSTEM_ARCHITECTURE_FULL_CONSOLIDATED_v1.8.docx,ADD-NEW,Session permission family,M04,DOMAIN_AUTHORITY,M04 is the current semantic authority for its domain; cross-module consumers do not acquire ownership.,CORE ARCHITECTURE,RUMAHAGEN_WF03_M04_FULL_REBUILD_v1.2_QIR_INTEGRATED_CONTROLLED/M04_CANONICAL_v1.2.md,NO,CLOSED
M04-CI-011,M04,04_ARCHITECTURE/W4-02A.6.5_SYSTEM_ARCHITECTURE_FULL_CONSOLIDATED_v1.8.docx,PRESERVE,Session → Learning Activity,M04,DOMAIN_AUTHORITY,M04 is the current semantic authority for its domain; cross-module consumers do not acquire ownership.,CORE ARCHITECTURE,RUMAHAGEN_WF03_M04_FULL_REBUILD_v1.2_QIR_INTEGRATED_CONTROLLED/M04_CANONICAL_v1.2.md,NO,CLOSED
M04-CI-012,M04,04_ARCHITECTURE/W4-02A.6.5_SYSTEM_ARCHITECTURE_FULL_CONSOLIDATED_v1.8.docx,PRESERVE,Reward boundary,M04,DOMAIN_AUTHORITY,M04 is the current semantic authority for its domain; cross-module consumers do not acquire ownership.,CORE ARCHITECTURE,RUMAHAGEN_WF03_M04_FULL_REBUILD_v1.2_QIR_INTEGRATED_CONTROLLED/M04_CANONICAL_v1.2.md,NO,CLOSED
M04-CI-013,M04,04_ARCHITECTURE/W4-02A.6.5_SYSTEM_ARCHITECTURE_FULL_CONSOLIDATED_v1.8.docx,CONTROLLED,Partnership Learning Result,M04,DOMAIN_AUTHORITY,M04 is the current semantic authority for its domain; cross-module consumers do not acquire ownership.,CORE ARCHITECTURE,RUMAHAGEN_WF03_M04_FULL_REBUILD_v1.2_QIR_INTEGRATED_CONTROLLED/M04_CANONICAL_v1.2.md,NO,CLOSED
M04-CI-014,M04,30_RECONCILIATION_EVIDENCE/W4-02A.5R_SOURCE_UPDATE_REVALIDATION_v1.1.docx,CONTROLLED,Learning Reconciliation,M04,DOMAIN_AUTHORITY,M04 is the current semantic authority for its domain; cross-module consumers do not acquire ownership.,CORE RECONCILIATION EVIDENCE AUTHORITY,RUMAHAGEN_WF03_M04_FULL_REBUILD_v1.2_QIR_INTEGRATED_CONTROLLED/M04_CANONICAL_v1.2.md,NO,CLOSED
M04-CI-015,M04,04_ARCHITECTURE/W4-02A.6.5_SYSTEM_ARCHITECTURE_FULL_CONSOLIDATED_v1.8.docx,CONTROLLED,Physical permission mapping,M04,DOMAIN_AUTHORITY,M04 is the current semantic authority for its domain; cross-module consumers do not acquire ownership.,CORE ARCHITECTURE,RUMAHAGEN_WF03_M04_FULL_REBUILD_v1.2_QIR_INTEGRATED_CONTROLLED/M04_CANONICAL_v1.2.md,NO,CLOSED
M04-CI-016,M04,13_RBAC_RLS/W4-02A.6.17_RBAC_PERMISSION_RLS_CURRENT_AUTHORIZATION_BASELINE_FULL_CONSOLIDATED_v2.1.docx,CONTROLLED,RLS,M04,DOMAIN_AUTHORITY,M04 is the current semantic authority for its domain; cross-module consumers do not acquire ownership.,M10 AUTHORIZATION AUTHORITY,RUMAHAGEN_WF03_M04_FULL_REBUILD_v1.2_QIR_INTEGRATED_CONTROLLED/M04_CANONICAL_v1.2.md,NO,CLOSED
M04-CI-017,M04,04_ARCHITECTURE/W4-02A.6.5_SYSTEM_ARCHITECTURE_FULL_CONSOLIDATED_v1.8.docx,CONTROLLED,Runtime,M04,DOMAIN_AUTHORITY,M04 is the current semantic authority for its domain; cross-module consumers do not acquire ownership.,CORE ARCHITECTURE,RUMAHAGEN_WF03_M04_FULL_REBUILD_v1.2_QIR_INTEGRATED_CONTROLLED/M04_CANONICAL_v1.2.md,NO,CLOSED
M06-CI-001,M06,11_DATABASE_SCHEMA/RUMAHAGEN_FULL_DATABASE_SCHEMA_SOURCE_ONLY_PACKAGE_v1.0.zip,AUGMENT,Project semantic schema expansion,M06,DOMAIN_AUTHORITY,M06 is the current semantic authority for its domain; cross-module consumers do not acquire ownership.,W4-01E / W4-02 PHYSICAL AUTHORITY,RUMAHAGEN_WF03_M06_FULL_REBUILD_CONTROLLED_v1.5_FULL_VERSION/07_M06_FULL_REBUILD_CONTROLLED_v1.5.md,NO,CLOSED
M06-CI-002,M06,04_ARCHITECTURE/W4-02A.6.5_SYSTEM_ARCHITECTURE_FULL_CONSOLIDATED_v1.8.docx,PRESERVE,M03 field naming: land_area,M06,DOMAIN_AUTHORITY,M06 is the current semantic authority for its domain; cross-module consumers do not acquire ownership.,CORE ARCHITECTURE,RUMAHAGEN_WF03_M06_FULL_REBUILD_CONTROLLED_v1.5_FULL_VERSION/07_M06_FULL_REBUILD_CONTROLLED_v1.5.md,NO,CLOSED
M06-CI-003,M06,16_UI_UX/W4-02A.6.20_UI_UX_SPECIFICATION_CURRENT_INTERFACE_BEHAVIOR_CONTRACT_v2.1.md,PRESERVE,M03 field naming: building_area,M06,DOMAIN_AUTHORITY,M06 is the current semantic authority for its domain; cross-module consumers do not acquire ownership.,CORE INTERFACE BEHAVIOR AUTHORITY,RUMAHAGEN_WF03_M06_FULL_REBUILD_CONTROLLED_v1.5_FULL_VERSION/07_M06_FULL_REBUILD_CONTROLLED_v1.5.md,NO,CLOSED
M06-CI-004,M06,04_ARCHITECTURE/W4-02A.6.5_SYSTEM_ARCHITECTURE_FULL_CONSOLIDATED_v1.8.docx,PRESERVE,Project meta_description → Listing description,M06,DOMAIN_AUTHORITY,M06 is the current semantic authority for its domain; cross-module consumers do not acquire ownership.,CORE ARCHITECTURE,RUMAHAGEN_WF03_M06_FULL_REBUILD_CONTROLLED_v1.5_FULL_VERSION/07_M06_FULL_REBUILD_CONTROLLED_v1.5.md,NO,CLOSED
M06-CI-005,M06,04_ARCHITECTURE/W4-02A.6.5_SYSTEM_ARCHITECTURE_FULL_CONSOLIDATED_v1.8.docx,PRESERVE,Project meta_title → Listing title/header,M06,DOMAIN_AUTHORITY,M06 is the current semantic authority for its domain; cross-module consumers do not acquire ownership.,CORE ARCHITECTURE,RUMAHAGEN_WF03_M06_FULL_REBUILD_CONTROLLED_v1.5_FULL_VERSION/07_M06_FULL_REBUILD_CONTROLLED_v1.5.md,NO,CLOSED
M06-CI-006,M06,04_ARCHITECTURE/W4-02A.6.5_SYSTEM_ARCHITECTURE_FULL_CONSOLIDATED_v1.8.docx,ADD-NEW,Developer company_logo + Tentang Developer,M06,DOMAIN_AUTHORITY,M06 is the current semantic authority for its domain; cross-module consumers do not acquire ownership.,CORE ARCHITECTURE,RUMAHAGEN_WF03_M06_FULL_REBUILD_CONTROLLED_v1.5_FULL_VERSION/07_M06_FULL_REBUILD_CONTROLLED_v1.5.md,NO,CLOSED
M06-CI-007,M06,04_ARCHITECTURE/W4-02A.6.5_SYSTEM_ARCHITECTURE_FULL_CONSOLIDATED_v1.8.docx,RECONCILE,Project Media boundary,M06,DOMAIN_AUTHORITY,M06 is the current semantic authority for its domain; cross-module consumers do not acquire ownership.,CORE ARCHITECTURE,RUMAHAGEN_WF03_M06_FULL_REBUILD_CONTROLLED_v1.5_FULL_VERSION/07_M06_FULL_REBUILD_CONTROLLED_v1.5.md,YES,CLOSED
M06-CI-008,M06,09_ERD/W4-02A.6.13_ERD_CURRENT_LOGICAL_DATA_MODEL_FULL_CONSOLIDATED_v2.1.docx,ADD-NEW,Marketing Kit resource,M06,DOMAIN_AUTHORITY,M06 is the current semantic authority for its domain; cross-module consumers do not acquire ownership.,CORE LOGICAL DATA MODEL AUTHORITY,RUMAHAGEN_WF03_M06_FULL_REBUILD_CONTROLLED_v1.5_FULL_VERSION/07_M06_FULL_REBUILD_CONTROLLED_v1.5.md,NO,CLOSED
M06-CI-009,M06,13_RBAC_RLS/W4-02A.6.17_RBAC_PERMISSION_RLS_CURRENT_AUTHORIZATION_BASELINE_FULL_CONSOLIDATED_v2.1.docx,AUGMENT,Marketing Kit CRUD authorization,M06,DOMAIN_AUTHORITY,M06 is the current semantic authority for its domain; cross-module consumers do not acquire ownership.,M10 AUTHORIZATION AUTHORITY,RUMAHAGEN_WF03_M06_FULL_REBUILD_CONTROLLED_v1.5_FULL_VERSION/07_M06_FULL_REBUILD_CONTROLLED_v1.5.md,NO,CLOSED
M06-CI-010,M06,27_AI_BLUEPRINT/W4-02A.6.31_AI_DEVELOPMENT_BLUEPRINT_v2.1.md,AUGMENT,Claim lifecycle state representation,M06,DOMAIN_AUTHORITY,M06 is the current semantic authority for its domain; cross-module consumers do not acquire ownership.,CORE AI DEVELOPMENT BLUEPRINT AUTHORITY,RUMAHAGEN_WF03_M06_FULL_REBUILD_CONTROLLED_v1.5_FULL_VERSION/07_M06_FULL_REBUILD_CONTROLLED_v1.5.md,NO,CLOSED
M06-CI-011,M06,13_RBAC_RLS/W4-02A.6.17_RBAC_PERMISSION_RLS_CURRENT_AUTHORIZATION_BASELINE_FULL_CONSOLIDATED_v2.1.docx,AUGMENT,Claim approval authority,M06,DOMAIN_AUTHORITY,M06 is the current semantic authority for its domain; cross-module consumers do not acquire ownership.,M10 AUTHORIZATION AUTHORITY,RUMAHAGEN_WF03_M06_FULL_REBUILD_CONTROLLED_v1.5_FULL_VERSION/07_M06_FULL_REBUILD_CONTROLLED_v1.5.md,NO,CLOSED
M06-CI-012,M06,11_DATABASE_SCHEMA/RUMAHAGEN_FULL_DATABASE_SCHEMA_SOURCE_ONLY_PACKAGE_v1.0.zip,ADD-NEW,Approval Claim artifact,M06,DOMAIN_AUTHORITY,M06 is the current semantic authority for its domain; cross-module consumers do not acquire ownership.,W4-01E / W4-02 PHYSICAL AUTHORITY,RUMAHAGEN_WF03_M06_FULL_REBUILD_CONTROLLED_v1.5_FULL_VERSION/07_M06_FULL_REBUILD_CONTROLLED_v1.5.md,NO,CLOSED
M06-CI-013,M06,09_ERD/W4-02A.6.13_ERD_CURRENT_LOGICAL_DATA_MODEL_FULL_CONSOLIDATED_v2.1.docx,CONTROLLED,Developer Project ownership ≠ Listing authority,M06,DOMAIN_AUTHORITY,M06 is the current semantic authority for its domain; cross-module consumers do not acquire ownership.,CORE LOGICAL DATA MODEL AUTHORITY,RUMAHAGEN_WF03_M06_FULL_REBUILD_CONTROLLED_v1.5_FULL_VERSION/07_M06_FULL_REBUILD_CONTROLLED_v1.5.md,NO,CLOSED
M06-CI-014,M06,27_AI_BLUEPRINT/W4-02A.6.31_AI_DEVELOPMENT_BLUEPRINT_v2.1.md,AUGMENT,Approved Claim → Agent-owned Listing initialization,M06,DOMAIN_AUTHORITY,M06 is the current semantic authority for its domain; cross-module consumers do not acquire ownership.,CORE AI DEVELOPMENT BLUEPRINT AUTHORITY,RUMAHAGEN_WF03_M06_FULL_REBUILD_CONTROLLED_v1.5_FULL_VERSION/07_M06_FULL_REBUILD_CONTROLLED_v1.5.md,NO,CLOSED
M06-CI-015,M06,09_ERD/W4-02A.6.13_ERD_CURRENT_LOGICAL_DATA_MODEL_FULL_CONSOLIDATED_v2.1.docx,CONTROLLED,Project Media vs Listing media,M06,DOMAIN_AUTHORITY,M06 is the current semantic authority for its domain; cross-module consumers do not acquire ownership.,CORE LOGICAL DATA MODEL AUTHORITY,RUMAHAGEN_WF03_M06_FULL_REBUILD_CONTROLLED_v1.5_FULL_VERSION/07_M06_FULL_REBUILD_CONTROLLED_v1.5.md,NO,CLOSED
M06-CI-016,M06,04_ARCHITECTURE/W4-02A.6.5_SYSTEM_ARCHITECTURE_FULL_CONSOLIDATED_v1.8.docx,CONTROLLED,Physical/runtime separation,M06,DOMAIN_AUTHORITY,M06 is the current semantic authority for its domain; cross-module consumers do not acquire ownership.,CORE ARCHITECTURE,RUMAHAGEN_WF03_M06_FULL_REBUILD_CONTROLLED_v1.5_FULL_VERSION/07_M06_FULL_REBUILD_CONTROLLED_v1.5.md,NO,CLOSED
M06-CI-017,M06,14_FUNCTIONAL/W4-02A.6.18_FUNCTIONAL_SPECIFICATION_CURRENT_FUNCTIONAL_IMPLEMENTATION_CONTRACT_v2.1.md,CONTROLLED,Existing Core developer module CRUD,M06,DOMAIN_AUTHORITY,M06 is the current semantic authority for its domain; cross-module consumers do not acquire ownership.,CORE FUNCTIONAL CONTRACT AUTHORITY,RUMAHAGEN_WF03_M06_FULL_REBUILD_CONTROLLED_v1.5_FULL_VERSION/07_M06_FULL_REBUILD_CONTROLLED_v1.5.md,NO,CLOSED
M06-CI-018,M06,09_ERD/W4-02A.6.13_ERD_CURRENT_LOGICAL_DATA_MODEL_FULL_CONSOLIDATED_v2.1.docx,PRESERVE,Non-exclusivity,M06,DOMAIN_AUTHORITY,M06 is the current semantic authority for its domain; cross-module consumers do not acquire ownership.,CORE LOGICAL DATA MODEL AUTHORITY,RUMAHAGEN_WF03_M06_FULL_REBUILD_CONTROLLED_v1.5_FULL_VERSION/07_M06_FULL_REBUILD_CONTROLLED_v1.5.md,NO,CLOSED
M07-IA-001,M07,04_ARCHITECTURE/W4-02A.6.5_SYSTEM_ARCHITECTURE_FULL_CONSOLIDATED_v1.8.docx,PRESERVE,Semantic scope,M07,DOMAIN_AUTHORITY,M07 is the current semantic authority for its domain; cross-module consumers do not acquire ownership.,CORE ARCHITECTURE,RUMAHAGEN_WF03_M07_FULL_REBUILD_CONTROLLED_v1.1_FULL_VERSION/00_M07_FULL_REBUILD_CONTROLLED_v1.1.md,NO,CLOSED
M07-IA-002,M07,04_ARCHITECTURE/W4-02A.6.5_SYSTEM_ARCHITECTURE_FULL_CONSOLIDATED_v1.8.docx,PRESERVE,Bank Master semantic authority,M07,DOMAIN_AUTHORITY,M07 is the current semantic authority for its domain; cross-module consumers do not acquire ownership.,CORE ARCHITECTURE,RUMAHAGEN_WF03_M07_FULL_REBUILD_CONTROLLED_v1.1_FULL_VERSION/00_M07_FULL_REBUILD_CONTROLLED_v1.1.md,NO,CLOSED
M07-IA-003,M07,11_DATABASE_SCHEMA/RUMAHAGEN_FULL_DATABASE_SCHEMA_SOURCE_ONLY_PACKAGE_v1.0.zip,CONTROLLED,Bank Master physical representation,M07,DOMAIN_AUTHORITY,M07 is the current semantic authority for its domain; cross-module consumers do not acquire ownership.,W4-01E / W4-02 PHYSICAL AUTHORITY,RUMAHAGEN_WF03_M07_FULL_REBUILD_CONTROLLED_v1.1_FULL_VERSION/00_M07_FULL_REBUILD_CONTROLLED_v1.1.md,NO,CLOSED
M07-IA-004,M07,15_TECHNICAL/W4-02A.6.19_TECHNICAL_SPECIFICATION_CURRENT_TECHNICAL_IMPLEMENTATION_CONTRACT_v2.1.md,CONTROLLED,Admin configuration enforcement,M07,DOMAIN_AUTHORITY,M07 is the current semantic authority for its domain; cross-module consumers do not acquire ownership.,CORE TECHNICAL CONTRACT AUTHORITY,RUMAHAGEN_WF03_M07_FULL_REBUILD_CONTROLLED_v1.1_FULL_VERSION/00_M07_FULL_REBUILD_CONTROLLED_v1.1.md,NO,CLOSED
M07-IA-005,M07,12_API/W4-02A.6.16_API_SPECIFICATION_CURRENT_API_CONTRACT_BASELINE_FULL_CONSOLIDATED_v2.1.docx,CONTROLLED,API contract,M07,DOMAIN_AUTHORITY,M07 is the current semantic authority for its domain; cross-module consumers do not acquire ownership.,CORE API CONTRACT AUTHORITY,RUMAHAGEN_WF03_M07_FULL_REBUILD_CONTROLLED_v1.1_FULL_VERSION/00_M07_FULL_REBUILD_CONTROLLED_v1.1.md,NO,CLOSED
M07-IA-006,M07,CAM11-0052,PRESERVE,Threshold,M07,DOMAIN_AUTHORITY,M07 is the current semantic authority for its domain; cross-module consumers do not acquire ownership.,M01–M07 EXECUTION CONTEXT; MODULE AUTHORITIES REMAIN SEMANTIC AUTHORITY,RUMAHAGEN_WF03_M07_FULL_REBUILD_CONTROLLED_v1.1_FULL_VERSION/00_M07_FULL_REBUILD_CONTROLLED_v1.1.md,NO,CLOSED
M07-IA-007,M07,15_TECHNICAL/W4-02A.6.19_TECHNICAL_SPECIFICATION_CURRENT_TECHNICAL_IMPLEMENTATION_CONTRACT_v2.1.md,PRESERVE,Bank display limit,M07,DOMAIN_AUTHORITY,M07 is the current semantic authority for its domain; cross-module consumers do not acquire ownership.,CORE TECHNICAL CONTRACT AUTHORITY,RUMAHAGEN_WF03_M07_FULL_REBUILD_CONTROLLED_v1.1_FULL_VERSION/00_M07_FULL_REBUILD_CONTROLLED_v1.1.md,NO,CLOSED
M07-IA-008,M07,21_EXECUTION_SPECIFICATION/W4-02A.6.25_MODULE_EXECUTION_SPECIFICATION_ARCHITECTURE_v2.1.md,PRESERVE,Interpretation bands,M07,DOMAIN_AUTHORITY,M07 is the current semantic authority for its domain; cross-module consumers do not acquire ownership.,CORE EXECUTION SPECIFICATION AUTHORITY,RUMAHAGEN_WF03_M07_FULL_REBUILD_CONTROLLED_v1.1_FULL_VERSION/00_M07_FULL_REBUILD_CONTROLLED_v1.1.md,NO,CLOSED
M07-IA-009,M07,11_DATABASE_SCHEMA/RUMAHAGEN_FULL_DATABASE_SCHEMA_SOURCE_ONLY_PACKAGE_v1.0.zip,PRESERVE,Simulation persistence,M07,DOMAIN_AUTHORITY,M07 is the current semantic authority for its domain; cross-module consumers do not acquire ownership.,W4-01E / W4-02 PHYSICAL AUTHORITY,RUMAHAGEN_WF03_M07_FULL_REBUILD_CONTROLLED_v1.1_FULL_VERSION/00_M07_FULL_REBUILD_CONTROLLED_v1.1.md,NO,CLOSED
M07-IA-010,M07,04_ARCHITECTURE/W4-02A.6.5_SYSTEM_ARCHITECTURE_FULL_CONSOLIDATED_v1.8.docx,PRESERVE,Sharing/revoke,M07,DOMAIN_AUTHORITY,M07 is the current semantic authority for its domain; cross-module consumers do not acquire ownership.,CORE ARCHITECTURE,RUMAHAGEN_WF03_M07_FULL_REBUILD_CONTROLLED_v1.1_FULL_VERSION/00_M07_FULL_REBUILD_CONTROLLED_v1.1.md,NO,CLOSED
M07-IA-011,M07,04_ARCHITECTURE/W4-02A.6.5_SYSTEM_ARCHITECTURE_FULL_CONSOLIDATED_v1.8.docx,PRESERVE,Buyer OWN/OPEN,M07,DOMAIN_AUTHORITY,M07 is the current semantic authority for its domain; cross-module consumers do not acquire ownership.,CORE ARCHITECTURE,RUMAHAGEN_WF03_M07_FULL_REBUILD_CONTROLLED_v1.1_FULL_VERSION/00_M07_FULL_REBUILD_CONTROLLED_v1.1.md,NO,CLOSED
M07-IA-012,M07,04_ARCHITECTURE/W4-02A.6.5_SYSTEM_ARCHITECTURE_FULL_CONSOLIDATED_v1.8.docx,PRESERVE,M07 authority boundary,M07,DOMAIN_AUTHORITY,M07 is the current semantic authority for its domain; cross-module consumers do not acquire ownership.,CORE ARCHITECTURE,RUMAHAGEN_WF03_M07_FULL_REBUILD_CONTROLLED_v1.1_FULL_VERSION/00_M07_FULL_REBUILD_CONTROLLED_v1.1.md,NO,CLOSED
M07-IA-013,M07,27_AI_BLUEPRINT/W4-02A.6.31_AI_DEVELOPMENT_BLUEPRINT_v2.1.md,PRESERVE,AI boundary,M07,DOMAIN_AUTHORITY,M07 is the current semantic authority for its domain; cross-module consumers do not acquire ownership.,CORE AI DEVELOPMENT BLUEPRINT AUTHORITY,RUMAHAGEN_WF03_M07_FULL_REBUILD_CONTROLLED_v1.1_FULL_VERSION/00_M07_FULL_REBUILD_CONTROLLED_v1.1.md,NO,CLOSED
M07-IA-014,M07,18_MODULE_DEPENDENCY/W4-02A.6.22_MODULE_DEPENDENCY_MATRIX_CROSS_MODULE_DEPENDENCY_CONTRACT_v2.1.md,PRESERVE,M09 dependency,M07,DOMAIN_AUTHORITY,M07 is the current semantic authority for its domain; cross-module consumers do not acquire ownership.,CORE CROSS-MODULE DEPENDENCY CONTRACT,RUMAHAGEN_WF03_M07_FULL_REBUILD_CONTROLLED_v1.1_FULL_VERSION/00_M07_FULL_REBUILD_CONTROLLED_v1.1.md,NO,CLOSED
M07-IA-015,M07,18_MODULE_DEPENDENCY/W4-02A.6.22_MODULE_DEPENDENCY_MATRIX_CROSS_MODULE_DEPENDENCY_CONTRACT_v2.1.md,PRESERVE,M10 dependency,M07,DOMAIN_AUTHORITY,M07 is the current semantic authority for its domain; cross-module consumers do not acquire ownership.,CORE CROSS-MODULE DEPENDENCY CONTRACT,RUMAHAGEN_WF03_M07_FULL_REBUILD_CONTROLLED_v1.1_FULL_VERSION/00_M07_FULL_REBUILD_CONTROLLED_v1.1.md,NO,CLOSED
M07-IA-016,M07,04_ARCHITECTURE/W4-02A.6.5_SYSTEM_ARCHITECTURE_FULL_CONSOLIDATED_v1.8.docx,PRESERVE,Physical proof gate,M07,DOMAIN_AUTHORITY,M07 is the current semantic authority for its domain; cross-module consumers do not acquire ownership.,CORE ARCHITECTURE,RUMAHAGEN_WF03_M07_FULL_REBUILD_CONTROLLED_v1.1_FULL_VERSION/00_M07_FULL_REBUILD_CONTROLLED_v1.1.md,NO,CLOSED
M07-IA-017,M07,21_EXECUTION_SPECIFICATION/W4-02A.6.25_MODULE_EXECUTION_SPECIFICATION_ARCHITECTURE_v2.1.md,PRESERVE,Runtime proof gate,M07,DOMAIN_AUTHORITY,M07 is the current semantic authority for its domain; cross-module consumers do not acquire ownership.,CORE EXECUTION SPECIFICATION AUTHORITY,RUMAHAGEN_WF03_M07_FULL_REBUILD_CONTROLLED_v1.1_FULL_VERSION/00_M07_FULL_REBUILD_CONTROLLED_v1.1.md,NO,CLOSED
M07-IA-018,M07,21_EXECUTION_SPECIFICATION/W4-02A.6.25_MODULE_EXECUTION_SPECIFICATION_ARCHITECTURE_v2.1.md,PRESERVE,Physical baseline authority,M07,DOMAIN_AUTHORITY,M07 is the current semantic authority for its domain; cross-module consumers do not acquire ownership.,CORE EXECUTION SPECIFICATION AUTHORITY,RUMAHAGEN_WF03_M07_FULL_REBUILD_CONTROLLED_v1.1_FULL_VERSION/00_M07_FULL_REBUILD_CONTROLLED_v1.1.md,NO,CLOSED
M07-IA-019,M07,04_ARCHITECTURE/W4-02A.6.5_SYSTEM_ARCHITECTURE_FULL_CONSOLIDATED_v1.8.docx,CONTROLLED,Core version provenance,M07,DOMAIN_AUTHORITY,M07 is the current semantic authority for its domain; cross-module consumers do not acquire ownership.,CORE ARCHITECTURE,RUMAHAGEN_WF03_M07_FULL_REBUILD_CONTROLLED_v1.1_FULL_VERSION/00_M07_FULL_REBUILD_CONTROLLED_v1.1.md,NO,CLOSED
M08-IA-01,M08,12_API/W4-02A.6.16_API_SPECIFICATION_CURRENT_API_CONTRACT_BASELINE_FULL_CONSOLIDATED_v2.1.docx,PRESERVE,Dashboard Projection,M08,PROJECTION_ONLY,"M08 remains dashboard/notification projection/state, not upstream business mutation authority.",CORE API CONTRACT AUTHORITY,RUMAHAGEN_WF03_M08_FULL_REBUILD_CONTROLLED_v1.0/00_README_M08_CONTROLLED_v1.0.md,NO,CLOSED
M08-IA-02,M08,12_API/W4-02A.6.16_API_SPECIFICATION_CURRENT_API_CONTRACT_BASELINE_FULL_CONSOLIDATED_v2.1.docx,PRESERVE,Notification State,M08,PROJECTION_ONLY,"M08 remains dashboard/notification projection/state, not upstream business mutation authority.",CORE API CONTRACT AUTHORITY,RUMAHAGEN_WF03_M08_FULL_REBUILD_CONTROLLED_v1.0/00_README_M08_CONTROLLED_v1.0.md,NO,CLOSED
M08-IA-03,M08,12_API/W4-02A.6.16_API_SPECIFICATION_CURRENT_API_CONTRACT_BASELINE_FULL_CONSOLIDATED_v2.1.docx,PRESERVE,Source-domain visibility,M08,PROJECTION_ONLY,"M08 remains dashboard/notification projection/state, not upstream business mutation authority.",CORE API CONTRACT AUTHORITY,RUMAHAGEN_WF03_M08_FULL_REBUILD_CONTROLLED_v1.0/00_README_M08_CONTROLLED_v1.0.md,NO,CLOSED
M08-IA-04,M08,12_API/W4-02A.6.16_API_SPECIFICATION_CURRENT_API_CONTRACT_BASELINE_FULL_CONSOLIDATED_v2.1.docx,PRESERVE,Notification reference protection,M08,PROJECTION_ONLY,"M08 remains dashboard/notification projection/state, not upstream business mutation authority.",CORE API CONTRACT AUTHORITY,RUMAHAGEN_WF03_M08_FULL_REBUILD_CONTROLLED_v1.0/00_README_M08_CONTROLLED_v1.0.md,NO,CLOSED
M08-IA-05,M08,12_API/W4-02A.6.16_API_SPECIFICATION_CURRENT_API_CONTRACT_BASELINE_FULL_CONSOLIDATED_v2.1.docx,PRESERVE,M10 boundary,M08,PROJECTION_ONLY,"M08 remains dashboard/notification projection/state, not upstream business mutation authority.",CORE API CONTRACT AUTHORITY,RUMAHAGEN_WF03_M08_FULL_REBUILD_CONTROLLED_v1.0/00_README_M08_CONTROLLED_v1.0.md,NO,CLOSED
M08-IA-06,M08,12_API/W4-02A.6.16_API_SPECIFICATION_CURRENT_API_CONTRACT_BASELINE_FULL_CONSOLIDATED_v2.1.docx,PRESERVE,Notification state representation,M08,PROJECTION_ONLY,"M08 remains dashboard/notification projection/state, not upstream business mutation authority.",CORE API CONTRACT AUTHORITY,RUMAHAGEN_WF03_M08_FULL_REBUILD_CONTROLLED_v1.0/00_README_M08_CONTROLLED_v1.0.md,NO,CLOSED
M08-IA-07,M08,12_API/W4-02A.6.16_API_SPECIFICATION_CURRENT_API_CONTRACT_BASELINE_FULL_CONSOLIDATED_v2.1.docx,PRESERVE,Notification operations,M08,PROJECTION_ONLY,"M08 remains dashboard/notification projection/state, not upstream business mutation authority.",CORE API CONTRACT AUTHORITY,RUMAHAGEN_WF03_M08_FULL_REBUILD_CONTROLLED_v1.0/00_README_M08_CONTROLLED_v1.0.md,NO,CLOSED
M08-IA-08,M08,12_API/W4-02A.6.16_API_SPECIFICATION_CURRENT_API_CONTRACT_BASELINE_FULL_CONSOLIDATED_v2.1.docx,PRESERVE,Admin notification push,M08,PROJECTION_ONLY,"M08 remains dashboard/notification projection/state, not upstream business mutation authority.",CORE API CONTRACT AUTHORITY,RUMAHAGEN_WF03_M08_FULL_REBUILD_CONTROLLED_v1.0/00_README_M08_CONTROLLED_v1.0.md,NO,CLOSED
M08-IA-09,M08,12_API/W4-02A.6.16_API_SPECIFICATION_CURRENT_API_CONTRACT_BASELINE_FULL_CONSOLIDATED_v2.1.docx,PRESERVE,Event/status producers,M08,PROJECTION_ONLY,"M08 remains dashboard/notification projection/state, not upstream business mutation authority.",CORE API CONTRACT AUTHORITY,RUMAHAGEN_WF03_M08_FULL_REBUILD_CONTROLLED_v1.0/00_README_M08_CONTROLLED_v1.0.md,NO,CLOSED
M08-IA-10,M08,12_API/W4-02A.6.16_API_SPECIFICATION_CURRENT_API_CONTRACT_BASELINE_FULL_CONSOLIDATED_v2.1.docx,PRESERVE,Actor lifecycle,M08,PROJECTION_ONLY,"M08 remains dashboard/notification projection/state, not upstream business mutation authority.",CORE API CONTRACT AUTHORITY,RUMAHAGEN_WF03_M08_FULL_REBUILD_CONTROLLED_v1.0/00_README_M08_CONTROLLED_v1.0.md,NO,CLOSED
M08-IA-11,M08,12_API/W4-02A.6.16_API_SPECIFICATION_CURRENT_API_CONTRACT_BASELINE_FULL_CONSOLIDATED_v2.1.docx,PRESERVE,Projection boundary,M08,PROJECTION_ONLY,"M08 remains dashboard/notification projection/state, not upstream business mutation authority.",CORE API CONTRACT AUTHORITY,RUMAHAGEN_WF03_M08_FULL_REBUILD_CONTROLLED_v1.0/00_README_M08_CONTROLLED_v1.0.md,NO,CLOSED
M08-IA-12,M08,12_API/W4-02A.6.16_API_SPECIFICATION_CURRENT_API_CONTRACT_BASELINE_FULL_CONSOLIDATED_v2.1.docx,PRESERVE,Idempotency/retry,M08,PROJECTION_ONLY,"M08 remains dashboard/notification projection/state, not upstream business mutation authority.",CORE API CONTRACT AUTHORITY,RUMAHAGEN_WF03_M08_FULL_REBUILD_CONTROLLED_v1.0/00_README_M08_CONTROLLED_v1.0.md,NO,CLOSED
M08-IA-13,M08,12_API/W4-02A.6.16_API_SPECIFICATION_CURRENT_API_CONTRACT_BASELINE_FULL_CONSOLIDATED_v2.1.docx,PRESERVE,Provenance/audit,M08,PROJECTION_ONLY,"M08 remains dashboard/notification projection/state, not upstream business mutation authority.",CORE API CONTRACT AUTHORITY,RUMAHAGEN_WF03_M08_FULL_REBUILD_CONTROLLED_v1.0/00_README_M08_CONTROLLED_v1.0.md,NO,CLOSED
M08-IA-14,M08,12_API/W4-02A.6.16_API_SPECIFICATION_CURRENT_API_CONTRACT_BASELINE_FULL_CONSOLIDATED_v2.1.docx,PRESERVE,Supersession,M08,PROJECTION_ONLY,"M08 remains dashboard/notification projection/state, not upstream business mutation authority.",CORE API CONTRACT AUTHORITY,RUMAHAGEN_WF03_M08_FULL_REBUILD_CONTROLLED_v1.0/00_README_M08_CONTROLLED_v1.0.md,NO,CLOSED
M08-IA-15,M08,12_API/W4-02A.6.16_API_SPECIFICATION_CURRENT_API_CONTRACT_BASELINE_FULL_CONSOLIDATED_v2.1.docx,PRESERVE,Physical/runtime gate,M08,PROJECTION_ONLY,"M08 remains dashboard/notification projection/state, not upstream business mutation authority.",CORE API CONTRACT AUTHORITY,RUMAHAGEN_WF03_M08_FULL_REBUILD_CONTROLLED_v1.0/00_README_M08_CONTROLLED_v1.0.md,NO,CLOSED
M08-IA-16,M08,12_API/W4-02A.6.16_API_SPECIFICATION_CURRENT_API_CONTRACT_BASELINE_FULL_CONSOLIDATED_v2.1.docx,PRESERVE,Permission cardinality,M08,PROJECTION_ONLY,"M08 remains dashboard/notification projection/state, not upstream business mutation authority.",CORE API CONTRACT AUTHORITY,RUMAHAGEN_WF03_M08_FULL_REBUILD_CONTROLLED_v1.0/00_README_M08_CONTROLLED_v1.0.md,NO,CLOSED
M08-IA-17,M08,12_API/W4-02A.6.16_API_SPECIFICATION_CURRENT_API_CONTRACT_BASELINE_FULL_CONSOLIDATED_v2.1.docx,PRESERVE,Source authority preservation,M08,PROJECTION_ONLY,"M08 remains dashboard/notification projection/state, not upstream business mutation authority.",CORE API CONTRACT AUTHORITY,RUMAHAGEN_WF03_M08_FULL_REBUILD_CONTROLLED_v1.0/00_README_M08_CONTROLLED_v1.0.md,NO,CLOSED
M08-IA-18,M08,12_API/W4-02A.6.16_API_SPECIFICATION_CURRENT_API_CONTRACT_BASELINE_FULL_CONSOLIDATED_v2.1.docx,CONTROLLED,Master progress,M08,PROJECTION_ONLY,"M08 remains dashboard/notification projection/state, not upstream business mutation authority.",CORE API CONTRACT AUTHORITY,RUMAHAGEN_WF03_M08_FULL_REBUILD_CONTROLLED_v1.0/00_README_M08_CONTROLLED_v1.0.md,NO,CLOSED
PROP-M09-01,M09,12_API/W4-02A.6.16_API_SPECIFICATION_CURRENT_API_CONTRACT_BASELINE_FULL_CONSOLIDATED_v2.1.docx,CONTROLLED,Core API /admin/reports/export,M09,DOMAIN_AUTHORITY,M09 is the current semantic authority for its domain; cross-module consumers do not acquire ownership.,CORE API CONTRACT AUTHORITY,RUMAHAGEN_WF03_M09_FULL_REBUILD_CONTROLLED_v1.1_FULL_VERSION/README_M09_FULL_REBUILD_CONTROLLED_v1.1.md,NO,CLOSED
PROP-M09-02,M09,12_API/W4-02A.6.16_API_SPECIFICATION_CURRENT_API_CONTRACT_BASELINE_FULL_CONSOLIDATED_v2.1.docx,CONTROLLED,Core API /admin/audit-logs,M09,DOMAIN_AUTHORITY,M09 is the current semantic authority for its domain; cross-module consumers do not acquire ownership.,CORE API CONTRACT AUTHORITY,RUMAHAGEN_WF03_M09_FULL_REBUILD_CONTROLLED_v1.1_FULL_VERSION/README_M09_FULL_REBUILD_CONTROLLED_v1.1.md,NO,CLOSED
PROP-M09-03,M09,21_EXECUTION_SPECIFICATION/W4-02A.6.25_MODULE_EXECUTION_SPECIFICATION_ARCHITECTURE_v2.1.md,CONTROLLED,Core M09 physical execution spec,M09,DOMAIN_AUTHORITY,M09 is the current semantic authority for its domain; cross-module consumers do not acquire ownership.,CORE EXECUTION SPECIFICATION AUTHORITY,RUMAHAGEN_WF03_M09_FULL_REBUILD_CONTROLLED_v1.1_FULL_VERSION/README_M09_FULL_REBUILD_CONTROLLED_v1.1.md,NO,CLOSED
PROP-M09-04,M09,13_RBAC_RLS/W4-02A.6.17_RBAC_PERMISSION_RLS_CURRENT_AUTHORIZATION_BASELINE_FULL_CONSOLIDATED_v2.1.docx,CONTROLLED,M10/RLS system_configs SELECT,M09,DOMAIN_AUTHORITY,M09 is the current semantic authority for its domain; cross-module consumers do not acquire ownership.,M10 AUTHORIZATION AUTHORITY,RUMAHAGEN_WF03_M09_FULL_REBUILD_CONTROLLED_v1.1_FULL_VERSION/README_M09_FULL_REBUILD_CONTROLLED_v1.1.md,NO,CLOSED
PROP-M09-05,M09,04_ARCHITECTURE/W4-02A.6.5_SYSTEM_ARCHITECTURE_FULL_CONSOLIDATED_v1.8.docx,CONTROLLED,Provider catalogue physical routing,M09,DOMAIN_AUTHORITY,M09 is the current semantic authority for its domain; cross-module consumers do not acquire ownership.,CORE ARCHITECTURE,RUMAHAGEN_WF03_M09_FULL_REBUILD_CONTROLLED_v1.1_FULL_VERSION/README_M09_FULL_REBUILD_CONTROLLED_v1.1.md,NO,CLOSED
PROP-M09-06,M09,30_RECONCILIATION_EVIDENCE/W4-02A.5R_SOURCE_UPDATE_REVALIDATION_v1.1.docx,CONTROLLED,Reconciliation physical actions,M09,DOMAIN_AUTHORITY,M09 is the current semantic authority for its domain; cross-module consumers do not acquire ownership.,CORE RECONCILIATION EVIDENCE AUTHORITY,RUMAHAGEN_WF03_M09_FULL_REBUILD_CONTROLLED_v1.1_FULL_VERSION/README_M09_FULL_REBUILD_CONTROLLED_v1.1.md,NO,CLOSED
M10-CORE-01,M10,09_ERD/W4-02A.6.13_ERD_CURRENT_LOGICAL_DATA_MODEL_FULL_CONSOLIDATED_v2.1.docx,PRESERVE,Core RBAC,M10,DOMAIN_AUTHORITY,M10 is the current semantic authority for its domain; cross-module consumers do not acquire ownership.,CORE LOGICAL DATA MODEL AUTHORITY,RUMAHAGEN_WF03_M10_FULL_REBUILD_CONTROLLED_v1.1_FULL_VERSION/RUMAHAGEN_WF03_M10_FULL_REBUILD_CONTROLLED_v1.1.md,NO,CLOSED
M10-CORE-02,M10,09_ERD/W4-02A.6.13_ERD_CURRENT_LOGICAL_DATA_MODEL_FULL_CONSOLIDATED_v2.1.docx,AUGMENT,Core Permission,M10,DOMAIN_AUTHORITY,M10 is the current semantic authority for its domain; cross-module consumers do not acquire ownership.,CORE LOGICAL DATA MODEL AUTHORITY,RUMAHAGEN_WF03_M10_FULL_REBUILD_CONTROLLED_v1.1_FULL_VERSION/RUMAHAGEN_WF03_M10_FULL_REBUILD_CONTROLLED_v1.1.md,NO,CLOSED
M10-CORE-03,M10,09_ERD/W4-02A.6.13_ERD_CURRENT_LOGICAL_DATA_MODEL_FULL_CONSOLIDATED_v2.1.docx,AUGMENT,Core Scope,M10,DOMAIN_AUTHORITY,M10 is the current semantic authority for its domain; cross-module consumers do not acquire ownership.,CORE LOGICAL DATA MODEL AUTHORITY,RUMAHAGEN_WF03_M10_FULL_REBUILD_CONTROLLED_v1.1_FULL_VERSION/RUMAHAGEN_WF03_M10_FULL_REBUILD_CONTROLLED_v1.1.md,NO,CLOSED
M10-CORE-04,M10,09_ERD/W4-02A.6.13_ERD_CURRENT_LOGICAL_DATA_MODEL_FULL_CONSOLIDATED_v2.1.docx,AUGMENT,Core RLS,M10,DOMAIN_AUTHORITY,M10 is the current semantic authority for its domain; cross-module consumers do not acquire ownership.,CORE LOGICAL DATA MODEL AUTHORITY,RUMAHAGEN_WF03_M10_FULL_REBUILD_CONTROLLED_v1.1_FULL_VERSION/RUMAHAGEN_WF03_M10_FULL_REBUILD_CONTROLLED_v1.1.md,NO,CLOSED
M10-CORE-05,M10,09_ERD/W4-02A.6.13_ERD_CURRENT_LOGICAL_DATA_MODEL_FULL_CONSOLIDATED_v2.1.docx,AUGMENT,Core UI/UX,M10,DOMAIN_AUTHORITY,M10 is the current semantic authority for its domain; cross-module consumers do not acquire ownership.,CORE LOGICAL DATA MODEL AUTHORITY,RUMAHAGEN_WF03_M10_FULL_REBUILD_CONTROLLED_v1.1_FULL_VERSION/RUMAHAGEN_WF03_M10_FULL_REBUILD_CONTROLLED_v1.1.md,NO,CLOSED
M10-CORE-06,M10,09_ERD/W4-02A.6.13_ERD_CURRENT_LOGICAL_DATA_MODEL_FULL_CONSOLIDATED_v2.1.docx,AUGMENT,Core API,M10,DOMAIN_AUTHORITY,M10 is the current semantic authority for its domain; cross-module consumers do not acquire ownership.,CORE LOGICAL DATA MODEL AUTHORITY,RUMAHAGEN_WF03_M10_FULL_REBUILD_CONTROLLED_v1.1_FULL_VERSION/RUMAHAGEN_WF03_M10_FULL_REBUILD_CONTROLLED_v1.1.md,NO,CLOSED
M10-CORE-07,M10,09_ERD/W4-02A.6.13_ERD_CURRENT_LOGICAL_DATA_MODEL_FULL_CONSOLIDATED_v2.1.docx,AUGMENT,Core ERD / DB,M10,DOMAIN_AUTHORITY,M10 is the current semantic authority for its domain; cross-module consumers do not acquire ownership.,CORE LOGICAL DATA MODEL AUTHORITY,RUMAHAGEN_WF03_M10_FULL_REBUILD_CONTROLLED_v1.1_FULL_VERSION/RUMAHAGEN_WF03_M10_FULL_REBUILD_CONTROLLED_v1.1.md,NO,CLOSED
M10-CORE-08,M10,09_ERD/W4-02A.6.13_ERD_CURRENT_LOGICAL_DATA_MODEL_FULL_CONSOLIDATED_v2.1.docx,PRESERVE,Core lifecycle,M10,DOMAIN_AUTHORITY,M10 is the current semantic authority for its domain; cross-module consumers do not acquire ownership.,CORE LOGICAL DATA MODEL AUTHORITY,RUMAHAGEN_WF03_M10_FULL_REBUILD_CONTROLLED_v1.1_FULL_VERSION/RUMAHAGEN_WF03_M10_FULL_REBUILD_CONTROLLED_v1.1.md,NO,CLOSED
M10-CORE-09,M10,09_ERD/W4-02A.6.13_ERD_CURRENT_LOGICAL_DATA_MODEL_FULL_CONSOLIDATED_v2.1.docx,PRESERVE,Core actor/role,M10,DOMAIN_AUTHORITY,M10 is the current semantic authority for its domain; cross-module consumers do not acquire ownership.,CORE LOGICAL DATA MODEL AUTHORITY,RUMAHAGEN_WF03_M10_FULL_REBUILD_CONTROLLED_v1.1_FULL_VERSION/RUMAHAGEN_WF03_M10_FULL_REBUILD_CONTROLLED_v1.1.md,NO,CLOSED
M10-CORE-10,M10,09_ERD/W4-02A.6.13_ERD_CURRENT_LOGICAL_DATA_MODEL_FULL_CONSOLIDATED_v2.1.docx,PRESERVE,Core organization boundary,M10,DOMAIN_AUTHORITY,M10 is the current semantic authority for its domain; cross-module consumers do not acquire ownership.,CORE LOGICAL DATA MODEL AUTHORITY,RUMAHAGEN_WF03_M10_FULL_REBUILD_CONTROLLED_v1.1_FULL_VERSION/RUMAHAGEN_WF03_M10_FULL_REBUILD_CONTROLLED_v1.1.md,NO,CLOSED
M10-CORE-11,M10,09_ERD/W4-02A.6.13_ERD_CURRENT_LOGICAL_DATA_MODEL_FULL_CONSOLIDATED_v2.1.docx,PRESERVE,Core ownership boundary,M10,DOMAIN_AUTHORITY,M10 is the current semantic authority for its domain; cross-module consumers do not acquire ownership.,CORE LOGICAL DATA MODEL AUTHORITY,RUMAHAGEN_WF03_M10_FULL_REBUILD_CONTROLLED_v1.1_FULL_VERSION/RUMAHAGEN_WF03_M10_FULL_REBUILD_CONTROLLED_v1.1.md,NO,CLOSED
M10-CORE-12,M10,09_ERD/W4-02A.6.13_ERD_CURRENT_LOGICAL_DATA_MODEL_FULL_CONSOLIDATED_v2.1.docx,AUGMENT,Core cross-module authorization,M10,DOMAIN_AUTHORITY,M10 is the current semantic authority for its domain; cross-module consumers do not acquire ownership.,CORE LOGICAL DATA MODEL AUTHORITY,RUMAHAGEN_WF03_M10_FULL_REBUILD_CONTROLLED_v1.1_FULL_VERSION/RUMAHAGEN_WF03_M10_FULL_REBUILD_CONTROLLED_v1.1.md,NO,CLOSED
M10-CORE-13,M10,09_ERD/W4-02A.6.13_ERD_CURRENT_LOGICAL_DATA_MODEL_FULL_CONSOLIDATED_v2.1.docx,CONTROLLED,Core implementation/downstream,M10,DOMAIN_AUTHORITY,M10 is the current semantic authority for its domain; cross-module consumers do not acquire ownership.,CORE LOGICAL DATA MODEL AUTHORITY,RUMAHAGEN_WF03_M10_FULL_REBUILD_CONTROLLED_v1.1_FULL_VERSION/RUMAHAGEN_WF03_M10_FULL_REBUILD_CONTROLLED_v1.1.md,NO,CLOSED
M10-CORE-14,M10,09_ERD/W4-02A.6.13_ERD_CURRENT_LOGICAL_DATA_MODEL_FULL_CONSOLIDATED_v2.1.docx,PRESERVE,Privilege escalation,M10,DOMAIN_AUTHORITY,M10 is the current semantic authority for its domain; cross-module consumers do not acquire ownership.,CORE LOGICAL DATA MODEL AUTHORITY,RUMAHAGEN_WF03_M10_FULL_REBUILD_CONTROLLED_v1.1_FULL_VERSION/RUMAHAGEN_WF03_M10_FULL_REBUILD_CONTROLLED_v1.1.md,NO,CLOSED
M10-CORE-15,M10,09_ERD/W4-02A.6.13_ERD_CURRENT_LOGICAL_DATA_MODEL_FULL_CONSOLIDATED_v2.1.docx,PRESERVE,Effective authorization resolution,M10,DOMAIN_AUTHORITY,M10 is the current semantic authority for its domain; cross-module consumers do not acquire ownership.,CORE LOGICAL DATA MODEL AUTHORITY,RUMAHAGEN_WF03_M10_FULL_REBUILD_CONTROLLED_v1.1_FULL_VERSION/RUMAHAGEN_WF03_M10_FULL_REBUILD_CONTROLLED_v1.1.md,NO,CLOSED
M10-CORE-16,M10,09_ERD/W4-02A.6.13_ERD_CURRENT_LOGICAL_DATA_MODEL_FULL_CONSOLIDATED_v2.1.docx,PRESERVE,Preset lifecycle/recovery,M10,DOMAIN_AUTHORITY,M10 is the current semantic authority for its domain; cross-module consumers do not acquire ownership.,CORE LOGICAL DATA MODEL AUTHORITY,RUMAHAGEN_WF03_M10_FULL_REBUILD_CONTROLLED_v1.1_FULL_VERSION/RUMAHAGEN_WF03_M10_FULL_REBUILD_CONTROLLED_v1.1.md,NO,CLOSED
M10-CORE-17,M10,09_ERD/W4-02A.6.13_ERD_CURRENT_LOGICAL_DATA_MODEL_FULL_CONSOLIDATED_v2.1.docx,CONTROLLED,WF03 legacy baseline,M10,DOMAIN_AUTHORITY,M10 is the current semantic authority for its domain; cross-module consumers do not acquire ownership.,CORE LOGICAL DATA MODEL AUTHORITY,RUMAHAGEN_WF03_M10_FULL_REBUILD_CONTROLLED_v1.1_FULL_VERSION/RUMAHAGEN_WF03_M10_FULL_REBUILD_CONTROLLED_v1.1.md,NO,CLOSED
M05-CI-001,M05,07_PRD/W4-02A.6.11_PRD_CURRENT_PRODUCT_REQUIREMENTS_FULL_CONSOLIDATED_v2.1.docx,PRESERVE,Event / Calendar / Event Registration canonical scope,M05,DOMAIN_AUTHORITY,M05 is the current semantic authority for its domain; cross-module consumers do not acquire ownership.,CORE PRODUCT REQUIREMENTS AUTHORITY,RUMAHAGEN_WF03_M05_FULL_REBUILD_CONTROLLED_v1.3_FULL_VERSION/18_M05_FULL_REBUILD_CONTROLLED_v1.3.docx,NO,CLOSED
M05-CI-002,M05,07_PRD/W4-02A.6.11_PRD_CURRENT_PRODUCT_REQUIREMENTS_FULL_CONSOLIDATED_v2.1.docx,AUGMENT,Event quota = maximum Registered participants; not commercial entitlement or Session capacity,M05,DOMAIN_AUTHORITY,M05 is the current semantic authority for its domain; cross-module consumers do not acquire ownership.,CORE PRODUCT REQUIREMENTS AUTHORITY,RUMAHAGEN_WF03_M05_FULL_REBUILD_CONTROLLED_v1.3_FULL_VERSION/18_M05_FULL_REBUILD_CONTROLLED_v1.3.docx,NO,CLOSED
M05-CI-003,M05,07_PRD/W4-02A.6.11_PRD_CURRENT_PRODUCT_REQUIREMENTS_FULL_CONSOLIDATED_v2.1.docx,ADD-NEW,Waitinglist has no queue number/rank; participants are equal,M05,DOMAIN_AUTHORITY,M05 is the current semantic authority for its domain; cross-module consumers do not acquire ownership.,CORE PRODUCT REQUIREMENTS AUTHORITY,RUMAHAGEN_WF03_M05_FULL_REBUILD_CONTROLLED_v1.3_FULL_VERSION/18_M05_FULL_REBUILD_CONTROLLED_v1.3.docx,NO,CLOSED
M05-CI-004,M05,07_PRD/W4-02A.6.11_PRD_CURRENT_PRODUCT_REQUIREMENTS_FULL_CONSOLIDATED_v2.1.docx,ADD-NEW,First successful registration captures an available slot,M05,DOMAIN_AUTHORITY,M05 is the current semantic authority for its domain; cross-module consumers do not acquire ownership.,CORE PRODUCT REQUIREMENTS AUTHORITY,RUMAHAGEN_WF03_M05_FULL_REBUILD_CONTROLLED_v1.3_FULL_VERSION/18_M05_FULL_REBUILD_CONTROLLED_v1.3.docx,NO,CLOSED
M05-CI-005,M05,07_PRD/W4-02A.6.11_PRD_CURRENT_PRODUCT_REQUIREMENTS_FULL_CONSOLIDATED_v2.1.docx,ADD-NEW,Registration window closes at start_at + 1 hour,M05,DOMAIN_AUTHORITY,M05 is the current semantic authority for its domain; cross-module consumers do not acquire ownership.,CORE PRODUCT REQUIREMENTS AUTHORITY,RUMAHAGEN_WF03_M05_FULL_REBUILD_CONTROLLED_v1.3_FULL_VERSION/18_M05_FULL_REBUILD_CONTROLLED_v1.3.docx,NO,CLOSED
M05-CI-006,M05,07_PRD/W4-02A.6.11_PRD_CURRENT_PRODUCT_REQUIREMENTS_FULL_CONSOLIDATED_v2.1.docx,ADD-NEW,Pre-start cancellation returns one quota slot,M05,DOMAIN_AUTHORITY,M05 is the current semantic authority for its domain; cross-module consumers do not acquire ownership.,CORE PRODUCT REQUIREMENTS AUTHORITY,RUMAHAGEN_WF03_M05_FULL_REBUILD_CONTROLLED_v1.3_FULL_VERSION/18_M05_FULL_REBUILD_CONTROLLED_v1.3.docx,NO,CLOSED
M05-CI-007,M05,07_PRD/W4-02A.6.11_PRD_CURRENT_PRODUCT_REQUIREMENTS_FULL_CONSOLIDATED_v2.1.docx,ADD-NEW,Attendance optional; no-show does not auto-cancel registration,M05,DOMAIN_AUTHORITY,M05 is the current semantic authority for its domain; cross-module consumers do not acquire ownership.,CORE PRODUCT REQUIREMENTS AUTHORITY,RUMAHAGEN_WF03_M05_FULL_REBUILD_CONTROLLED_v1.3_FULL_VERSION/18_M05_FULL_REBUILD_CONTROLLED_v1.3.docx,NO,CLOSED
M05-CI-008,M05,07_PRD/W4-02A.6.11_PRD_CURRENT_PRODUCT_REQUIREMENTS_FULL_CONSOLIDATED_v2.1.docx,AUGMENT,Event cancellation is distinct from participant registration cancellation,M05,DOMAIN_AUTHORITY,M05 is the current semantic authority for its domain; cross-module consumers do not acquire ownership.,CORE PRODUCT REQUIREMENTS AUTHORITY,RUMAHAGEN_WF03_M05_FULL_REBUILD_CONTROLLED_v1.3_FULL_VERSION/18_M05_FULL_REBUILD_CONTROLLED_v1.3.docx,NO,CLOSED
M05-CI-009,M05,07_PRD/W4-02A.6.11_PRD_CURRENT_PRODUCT_REQUIREMENTS_FULL_CONSOLIDATED_v2.1.docx,ADD-NEW,Event-start notification targets registered and waitinglist participants; M08 remains delivery/projection layer,M05,DOMAIN_AUTHORITY,M05 is the current semantic authority for its domain; cross-module consumers do not acquire ownership.,CORE PRODUCT REQUIREMENTS AUTHORITY,RUMAHAGEN_WF03_M05_FULL_REBUILD_CONTROLLED_v1.3_FULL_VERSION/18_M05_FULL_REBUILD_CONTROLLED_v1.3.docx,NO,CLOSED
M05-CI-010,M05,07_PRD/W4-02A.6.11_PRD_CURRENT_PRODUCT_REQUIREMENTS_FULL_CONSOLIDATED_v2.1.docx,PRESERVE,Developer Partner event publication follows M05 Event lifecycle/permission semantics,M05,DOMAIN_AUTHORITY,M05 is the current semantic authority for its domain; cross-module consumers do not acquire ownership.,CORE PRODUCT REQUIREMENTS AUTHORITY,RUMAHAGEN_WF03_M05_FULL_REBUILD_CONTROLLED_v1.3_FULL_VERSION/18_M05_FULL_REBUILD_CONTROLLED_v1.3.docx,NO,CLOSED
M11-CI-001,M11,07_PRD/W4-02A.6.11_PRD_CURRENT_PRODUCT_REQUIREMENTS_FULL_CONSOLIDATED_v2.1.docx,PRESERVE,M02 Agent → M11 public profile SEO,M11,DISCOVERY_MEASUREMENT_AUTHORITY,M11 owns discovery/SEO/measurement; underlying domains own resource lifecycle/state.,CORE PRODUCT REQUIREMENTS AUTHORITY,RUMAHAGEN_WF03_M11_FULL_REBUILD_CONTROLLED_v2.0_FULL_VERSION/RUMAHAGEN_WF03_M11_FULL_REBUILD_CONTROLLED_v2.0_FULL_VERSION.md,NO,CLOSED
M11-CI-002,M11,07_PRD/W4-02A.6.11_PRD_CURRENT_PRODUCT_REQUIREMENTS_FULL_CONSOLIDATED_v2.1.docx,PRESERVE,M03 Listing → M11 Listing SEO/lifecycle discovery,M11,DISCOVERY_MEASUREMENT_AUTHORITY,M11 owns discovery/SEO/measurement; underlying domains own resource lifecycle/state.,CORE PRODUCT REQUIREMENTS AUTHORITY,RUMAHAGEN_WF03_M11_FULL_REBUILD_CONTROLLED_v2.0_FULL_VERSION/RUMAHAGEN_WF03_M11_FULL_REBUILD_CONTROLLED_v2.0_FULL_VERSION.md,NO,CLOSED
M11-CI-003,M11,07_PRD/W4-02A.6.11_PRD_CURRENT_PRODUCT_REQUIREMENTS_FULL_CONSOLIDATED_v2.1.docx,PRESERVE,M04 Learning/Session → M11 discovery/measurement,M11,DISCOVERY_MEASUREMENT_AUTHORITY,M11 owns discovery/SEO/measurement; underlying domains own resource lifecycle/state.,CORE PRODUCT REQUIREMENTS AUTHORITY,RUMAHAGEN_WF03_M11_FULL_REBUILD_CONTROLLED_v2.0_FULL_VERSION/RUMAHAGEN_WF03_M11_FULL_REBUILD_CONTROLLED_v2.0_FULL_VERSION.md,NO,CLOSED
M11-CI-004,M11,07_PRD/W4-02A.6.11_PRD_CURRENT_PRODUCT_REQUIREMENTS_FULL_CONSOLIDATED_v2.1.docx,PRESERVE,M05 Event → M11 Event discovery,M11,DISCOVERY_MEASUREMENT_AUTHORITY,M11 owns discovery/SEO/measurement; underlying domains own resource lifecycle/state.,CORE PRODUCT REQUIREMENTS AUTHORITY,RUMAHAGEN_WF03_M11_FULL_REBUILD_CONTROLLED_v2.0_FULL_VERSION/RUMAHAGEN_WF03_M11_FULL_REBUILD_CONTROLLED_v2.0_FULL_VERSION.md,NO,CLOSED
M11-CI-005,M11,07_PRD/W4-02A.6.11_PRD_CURRENT_PRODUCT_REQUIREMENTS_FULL_CONSOLIDATED_v2.1.docx,PRESERVE,M06 Developer/Project → M11 Project SEO,M11,DISCOVERY_MEASUREMENT_AUTHORITY,M11 owns discovery/SEO/measurement; underlying domains own resource lifecycle/state.,CORE PRODUCT REQUIREMENTS AUTHORITY,RUMAHAGEN_WF03_M11_FULL_REBUILD_CONTROLLED_v2.0_FULL_VERSION/RUMAHAGEN_WF03_M11_FULL_REBUILD_CONTROLLED_v2.0_FULL_VERSION.md,NO,CLOSED
M11-CI-006,M11,07_PRD/W4-02A.6.11_PRD_CURRENT_PRODUCT_REQUIREMENTS_FULL_CONSOLIDATED_v2.1.docx,AUGMENT,M09 Static Public Content → M11 discovery,M11,DISCOVERY_MEASUREMENT_AUTHORITY,M11 owns discovery/SEO/measurement; underlying domains own resource lifecycle/state.,CORE PRODUCT REQUIREMENTS AUTHORITY,RUMAHAGEN_WF03_M11_FULL_REBUILD_CONTROLLED_v2.0_FULL_VERSION/RUMAHAGEN_WF03_M11_FULL_REBUILD_CONTROLLED_v2.0_FULL_VERSION.md,NO,CLOSED
M11-CI-007,M11,07_PRD/W4-02A.6.11_PRD_CURRENT_PRODUCT_REQUIREMENTS_FULL_CONSOLIDATED_v2.1.docx,AUGMENT,M09 Announcement/Promotion → M11 discovery/measurement,M11,DISCOVERY_MEASUREMENT_AUTHORITY,M11 owns discovery/SEO/measurement; underlying domains own resource lifecycle/state.,CORE PRODUCT REQUIREMENTS AUTHORITY,RUMAHAGEN_WF03_M11_FULL_REBUILD_CONTROLLED_v2.0_FULL_VERSION/RUMAHAGEN_WF03_M11_FULL_REBUILD_CONTROLLED_v2.0_FULL_VERSION.md,NO,CLOSED
M11-CI-008,M11,07_PRD/W4-02A.6.11_PRD_CURRENT_PRODUCT_REQUIREMENTS_FULL_CONSOLIDATED_v2.1.docx,PRESERVE,M10 authorization → M11 access filtering,M11,DISCOVERY_MEASUREMENT_AUTHORITY,M11 owns discovery/SEO/measurement; underlying domains own resource lifecycle/state.,CORE PRODUCT REQUIREMENTS AUTHORITY,RUMAHAGEN_WF03_M11_FULL_REBUILD_CONTROLLED_v2.0_FULL_VERSION/RUMAHAGEN_WF03_M11_FULL_REBUILD_CONTROLLED_v2.0_FULL_VERSION.md,NO,CLOSED
M11-CI-009,M11,07_PRD/W4-02A.6.11_PRD_CURRENT_PRODUCT_REQUIREMENTS_FULL_CONSOLIDATED_v2.1.docx,PRESERVE,M15 Award → M11 permitted public presentation,M11,DISCOVERY_MEASUREMENT_AUTHORITY,M11 owns discovery/SEO/measurement; underlying domains own resource lifecycle/state.,CORE PRODUCT REQUIREMENTS AUTHORITY,RUMAHAGEN_WF03_M11_FULL_REBUILD_CONTROLLED_v2.0_FULL_VERSION/RUMAHAGEN_WF03_M11_FULL_REBUILD_CONTROLLED_v2.0_FULL_VERSION.md,NO,CLOSED
M11-CI-010,M11,07_PRD/W4-02A.6.11_PRD_CURRENT_PRODUCT_REQUIREMENTS_FULL_CONSOLIDATED_v2.1.docx,CONTROLLED,M11 controlled architectural impact / no semantic blocker,M11,DISCOVERY_MEASUREMENT_AUTHORITY,M11 owns discovery/SEO/measurement; underlying domains own resource lifecycle/state.,CORE PRODUCT REQUIREMENTS AUTHORITY,RUMAHAGEN_WF03_M11_FULL_REBUILD_CONTROLLED_v2.0_FULL_VERSION/RUMAHAGEN_WF03_M11_FULL_REBUILD_CONTROLLED_v2.0_FULL_VERSION.md,NO,CLOSED
M12-CI-001,M12,07_PRD/W4-02A.6.11_PRD_CURRENT_PRODUCT_REQUIREMENTS_FULL_CONSOLIDATED_v2.1.docx,PRESERVE,M12 Organization/Membership/Context ownership,M12,DOMAIN_AUTHORITY,M12 is the current semantic authority for its domain; cross-module consumers do not acquire ownership.,CORE PRODUCT REQUIREMENTS AUTHORITY,RUMAHAGEN_WF03_M12_FULL_REBUILD_CONTROLLED_v1.0/RUMAHAGEN_WF03_M12_FULL_REBUILD_CONTROLLED_v1.0.md,NO,CLOSED
M12-CI-002,M12,07_PRD/W4-02A.6.11_PRD_CURRENT_PRODUCT_REQUIREMENTS_FULL_CONSOLIDATED_v2.1.docx,PRESERVE,Lead Exit → CLOSING → CLOSED; no Lead Transfer/successor inheritance,M12,DOMAIN_AUTHORITY,M12 is the current semantic authority for its domain; cross-module consumers do not acquire ownership.,CORE PRODUCT REQUIREMENTS AUTHORITY,RUMAHAGEN_WF03_M12_FULL_REBUILD_CONTROLLED_v1.0/RUMAHAGEN_WF03_M12_FULL_REBUILD_CONTROLLED_v1.0.md,NO,CLOSED
M12-CI-003,M12,07_PRD/W4-02A.6.11_PRD_CURRENT_PRODUCT_REQUIREMENTS_FULL_CONSOLIDATED_v2.1.docx,CONTROLLED,Organization Public Content ownership clarification,M12,DOMAIN_AUTHORITY,M12 is the current semantic authority for its domain; cross-module consumers do not acquire ownership.,CORE PRODUCT REQUIREMENTS AUTHORITY,RUMAHAGEN_WF03_M12_FULL_REBUILD_CONTROLLED_v1.0/RUMAHAGEN_WF03_M12_FULL_REBUILD_CONTROLLED_v1.0.md,NO,CLOSED
M12-CI-004,M12,07_PRD/W4-02A.6.11_PRD_CURRENT_PRODUCT_REQUIREMENTS_FULL_CONSOLIDATED_v2.1.docx,AUGMENT,ORG-ADMIN action/permission boundary,M12,DOMAIN_AUTHORITY,M12 is the current semantic authority for its domain; cross-module consumers do not acquire ownership.,CORE PRODUCT REQUIREMENTS AUTHORITY,RUMAHAGEN_WF03_M12_FULL_REBUILD_CONTROLLED_v1.0/RUMAHAGEN_WF03_M12_FULL_REBUILD_CONTROLLED_v1.0.md,NO,CLOSED
M12-CI-005,M12,07_PRD/W4-02A.6.11_PRD_CURRENT_PRODUCT_REQUIREMENTS_FULL_CONSOLIDATED_v2.1.docx,PRESERVE,M12 → M03 organization-context dependency,M12,DOMAIN_AUTHORITY,M12 is the current semantic authority for its domain; cross-module consumers do not acquire ownership.,CORE PRODUCT REQUIREMENTS AUTHORITY,RUMAHAGEN_WF03_M12_FULL_REBUILD_CONTROLLED_v1.0/RUMAHAGEN_WF03_M12_FULL_REBUILD_CONTROLLED_v1.0.md,NO,CLOSED
M12-CI-006,M12,07_PRD/W4-02A.6.11_PRD_CURRENT_PRODUCT_REQUIREMENTS_FULL_CONSOLIDATED_v2.1.docx,PRESERVE,M12 → M10 authorization dependency,M12,DOMAIN_AUTHORITY,M12 is the current semantic authority for its domain; cross-module consumers do not acquire ownership.,CORE PRODUCT REQUIREMENTS AUTHORITY,RUMAHAGEN_WF03_M12_FULL_REBUILD_CONTROLLED_v1.0/RUMAHAGEN_WF03_M12_FULL_REBUILD_CONTROLLED_v1.0.md,NO,CLOSED
M12-CI-007,M12,07_PRD/W4-02A.6.11_PRD_CURRENT_PRODUCT_REQUIREMENTS_FULL_CONSOLIDATED_v2.1.docx,PRESERVE,M12 → M11 discovery dependency,M12,DOMAIN_AUTHORITY,M12 is the current semantic authority for its domain; cross-module consumers do not acquire ownership.,CORE PRODUCT REQUIREMENTS AUTHORITY,RUMAHAGEN_WF03_M12_FULL_REBUILD_CONTROLLED_v1.0/RUMAHAGEN_WF03_M12_FULL_REBUILD_CONTROLLED_v1.0.md,NO,CLOSED
M12-CI-008,M12,07_PRD/W4-02A.6.11_PRD_CURRENT_PRODUCT_REQUIREMENTS_FULL_CONSOLIDATED_v2.1.docx,PRESERVE,M12 → M14 commercial-context dependency,M12,DOMAIN_AUTHORITY,M12 is the current semantic authority for its domain; cross-module consumers do not acquire ownership.,CORE PRODUCT REQUIREMENTS AUTHORITY,RUMAHAGEN_WF03_M12_FULL_REBUILD_CONTROLLED_v1.0/RUMAHAGEN_WF03_M12_FULL_REBUILD_CONTROLLED_v1.0.md,NO,CLOSED
M12-CI-009,M12,07_PRD/W4-02A.6.11_PRD_CURRENT_PRODUCT_REQUIREMENTS_FULL_CONSOLIDATED_v2.1.docx,CONTROLLED,Physical implementation status,M12,DOMAIN_AUTHORITY,M12 is the current semantic authority for its domain; cross-module consumers do not acquire ownership.,CORE PRODUCT REQUIREMENTS AUTHORITY,RUMAHAGEN_WF03_M12_FULL_REBUILD_CONTROLLED_v1.0/RUMAHAGEN_WF03_M12_FULL_REBUILD_CONTROLLED_v1.0.md,NO,CLOSED
M12-CI-010,M12,07_PRD/W4-02A.6.11_PRD_CURRENT_PRODUCT_REQUIREMENTS_FULL_CONSOLIDATED_v2.1.docx,CONTROLLED,Runtime status,M12,DOMAIN_AUTHORITY,M12 is the current semantic authority for its domain; cross-module consumers do not acquire ownership.,CORE PRODUCT REQUIREMENTS AUTHORITY,RUMAHAGEN_WF03_M12_FULL_REBUILD_CONTROLLED_v1.0/RUMAHAGEN_WF03_M12_FULL_REBUILD_CONTROLLED_v1.0.md,NO,CLOSED
M13-CI-001,M13,07_PRD/W4-02A.6.11_PRD_CURRENT_PRODUCT_REQUIREMENTS_FULL_CONSOLIDATED_v2.1.docx,RECONCILE,Provider Catalogue mutation authority is Superadmin-only,M13,DOMAIN_AUTHORITY_WITH_ACTOR_BOUNDARY,M13 owns provider/BYOK semantics; Superadmin-only catalogue mutation and Agent/User own BYOK connection as locked.,CORE PRODUCT REQUIREMENTS AUTHORITY,RUMAHAGEN_WF03_M13_FULL_REBUILD_CONTROLLED_v1.0/RUMAHAGEN_WF03_M13_FULL_REBUILD_CONTROLLED_v1.0.md,YES,CLOSED
M13-CI-002,M13,07_PRD/W4-02A.6.11_PRD_CURRENT_PRODUCT_REQUIREMENTS_FULL_CONSOLIDATED_v2.1.docx,RECONCILE,BYOK ownership is Agent/User OWN,M13,DOMAIN_AUTHORITY_WITH_ACTOR_BOUNDARY,M13 owns provider/BYOK semantics; Superadmin-only catalogue mutation and Agent/User own BYOK connection as locked.,CORE PRODUCT REQUIREMENTS AUTHORITY,RUMAHAGEN_WF03_M13_FULL_REBUILD_CONTROLLED_v1.0/RUMAHAGEN_WF03_M13_FULL_REBUILD_CONTROLLED_v1.0.md,YES,CLOSED
M13-CI-003,M13,07_PRD/W4-02A.6.11_PRD_CURRENT_PRODUCT_REQUIREMENTS_FULL_CONSOLIDATED_v2.1.docx,PRESERVE,M10 authorization boundary,M13,DOMAIN_AUTHORITY,M13 is the current semantic authority for its domain; cross-module consumers do not acquire ownership.,CORE PRODUCT REQUIREMENTS AUTHORITY,RUMAHAGEN_WF03_M13_FULL_REBUILD_CONTROLLED_v1.0/RUMAHAGEN_WF03_M13_FULL_REBUILD_CONTROLLED_v1.0.md,NO,CLOSED
M13-CI-004,M13,07_PRD/W4-02A.6.11_PRD_CURRENT_PRODUCT_REQUIREMENTS_FULL_CONSOLIDATED_v2.1.docx,CONTROLLED,Physical/runtime implementation,M13,DOMAIN_AUTHORITY,M13 is the current semantic authority for its domain; cross-module consumers do not acquire ownership.,CORE PRODUCT REQUIREMENTS AUTHORITY,RUMAHAGEN_WF03_M13_FULL_REBUILD_CONTROLLED_v1.0/RUMAHAGEN_WF03_M13_FULL_REBUILD_CONTROLLED_v1.0.md,NO,CLOSED
M14-CI-001,M14,07_PRD/W4-02A.6.11_PRD_CURRENT_PRODUCT_REQUIREMENTS_FULL_CONSOLIDATED_v2.1.docx,PRESERVE,M14 commercial authority,M14,DOMAIN_AUTHORITY,M14 is the current semantic authority for its domain; cross-module consumers do not acquire ownership.,CORE PRODUCT REQUIREMENTS AUTHORITY,RUMAHAGEN_WF03_M14_FULL_REBUILD_v2.2_CORE_DETAIL_PARITY_FULL_VERSION/RUMAHAGEN_WF03_M14_FULL_REBUILD_v2.2_CORE_DETAIL_PARITY_FULL_VERSION.md,NO,CLOSED
M14-CI-002,M14,07_PRD/W4-02A.6.11_PRD_CURRENT_PRODUCT_REQUIREMENTS_FULL_CONSOLIDATED_v2.1.docx,PRESERVE,Payment belongs to M14,M14,DOMAIN_AUTHORITY,M14 is the current semantic authority for its domain; cross-module consumers do not acquire ownership.,CORE PRODUCT REQUIREMENTS AUTHORITY,RUMAHAGEN_WF03_M14_FULL_REBUILD_v2.2_CORE_DETAIL_PARITY_FULL_VERSION/RUMAHAGEN_WF03_M14_FULL_REBUILD_v2.2_CORE_DETAIL_PARITY_FULL_VERSION.md,NO,CLOSED
M14-CI-003,M14,07_PRD/W4-02A.6.11_PRD_CURRENT_PRODUCT_REQUIREMENTS_FULL_CONSOLIDATED_v2.1.docx,PRESERVE,Entitlement ≠ RBAC,M14,DOMAIN_AUTHORITY,M14 is the current semantic authority for its domain; cross-module consumers do not acquire ownership.,CORE PRODUCT REQUIREMENTS AUTHORITY,RUMAHAGEN_WF03_M14_FULL_REBUILD_v2.2_CORE_DETAIL_PARITY_FULL_VERSION/RUMAHAGEN_WF03_M14_FULL_REBUILD_v2.2_CORE_DETAIL_PARITY_FULL_VERSION.md,NO,CLOSED
M14-CI-004,M14,07_PRD/W4-02A.6.11_PRD_CURRENT_PRODUCT_REQUIREMENTS_FULL_CONSOLIDATED_v2.1.docx,PRESERVE,Quota is commercial capacity,M14,DOMAIN_AUTHORITY,M14 is the current semantic authority for its domain; cross-module consumers do not acquire ownership.,CORE PRODUCT REQUIREMENTS AUTHORITY,RUMAHAGEN_WF03_M14_FULL_REBUILD_v2.2_CORE_DETAIL_PARITY_FULL_VERSION/RUMAHAGEN_WF03_M14_FULL_REBUILD_v2.2_CORE_DETAIL_PARITY_FULL_VERSION.md,NO,CLOSED
M14-CI-005,M14,07_PRD/W4-02A.6.11_PRD_CURRENT_PRODUCT_REQUIREMENTS_FULL_CONSOLIDATED_v2.1.docx,AUGMENT,Eight approved commercial surfaces,M14,DOMAIN_AUTHORITY,M14 is the current semantic authority for its domain; cross-module consumers do not acquire ownership.,CORE PRODUCT REQUIREMENTS AUTHORITY,RUMAHAGEN_WF03_M14_FULL_REBUILD_v2.2_CORE_DETAIL_PARITY_FULL_VERSION/RUMAHAGEN_WF03_M14_FULL_REBUILD_v2.2_CORE_DETAIL_PARITY_FULL_VERSION.md,NO,CLOSED
M14-CI-006,M14,07_PRD/W4-02A.6.11_PRD_CURRENT_PRODUCT_REQUIREMENTS_FULL_CONSOLIDATED_v2.1.docx,AUGMENT,Subscription lifecycle,M14,DOMAIN_AUTHORITY,M14 is the current semantic authority for its domain; cross-module consumers do not acquire ownership.,CORE PRODUCT REQUIREMENTS AUTHORITY,RUMAHAGEN_WF03_M14_FULL_REBUILD_v2.2_CORE_DETAIL_PARITY_FULL_VERSION/RUMAHAGEN_WF03_M14_FULL_REBUILD_v2.2_CORE_DETAIL_PARITY_FULL_VERSION.md,NO,CLOSED
M14-CI-007,M14,07_PRD/W4-02A.6.11_PRD_CURRENT_PRODUCT_REQUIREMENTS_FULL_CONSOLIDATED_v2.1.docx,AUGMENT,Add-on lifecycle/validity,M14,DOMAIN_AUTHORITY,M14 is the current semantic authority for its domain; cross-module consumers do not acquire ownership.,CORE PRODUCT REQUIREMENTS AUTHORITY,RUMAHAGEN_WF03_M14_FULL_REBUILD_v2.2_CORE_DETAIL_PARITY_FULL_VERSION/RUMAHAGEN_WF03_M14_FULL_REBUILD_v2.2_CORE_DETAIL_PARITY_FULL_VERSION.md,NO,CLOSED
M14-CI-008,M14,07_PRD/W4-02A.6.11_PRD_CURRENT_PRODUCT_REQUIREMENTS_FULL_CONSOLIDATED_v2.1.docx,AUGMENT,Promotion lifecycle,M14,DOMAIN_AUTHORITY,M14 is the current semantic authority for its domain; cross-module consumers do not acquire ownership.,CORE PRODUCT REQUIREMENTS AUTHORITY,RUMAHAGEN_WF03_M14_FULL_REBUILD_v2.2_CORE_DETAIL_PARITY_FULL_VERSION/RUMAHAGEN_WF03_M14_FULL_REBUILD_v2.2_CORE_DETAIL_PARITY_FULL_VERSION.md,NO,CLOSED
M14-CI-009,M14,07_PRD/W4-02A.6.11_PRD_CURRENT_PRODUCT_REQUIREMENTS_FULL_CONSOLIDATED_v2.1.docx,AUGMENT,Immutable purchase snapshot,M14,DOMAIN_AUTHORITY,M14 is the current semantic authority for its domain; cross-module consumers do not acquire ownership.,CORE PRODUCT REQUIREMENTS AUTHORITY,RUMAHAGEN_WF03_M14_FULL_REBUILD_v2.2_CORE_DETAIL_PARITY_FULL_VERSION/RUMAHAGEN_WF03_M14_FULL_REBUILD_v2.2_CORE_DETAIL_PARITY_FULL_VERSION.md,NO,CLOSED
M14-CI-010,M14,07_PRD/W4-02A.6.11_PRD_CURRENT_PRODUCT_REQUIREMENTS_FULL_CONSOLIDATED_v2.1.docx,AUGMENT,Order confirmation invariant,M14,DOMAIN_AUTHORITY,M14 is the current semantic authority for its domain; cross-module consumers do not acquire ownership.,CORE PRODUCT REQUIREMENTS AUTHORITY,RUMAHAGEN_WF03_M14_FULL_REBUILD_v2.2_CORE_DETAIL_PARITY_FULL_VERSION/RUMAHAGEN_WF03_M14_FULL_REBUILD_v2.2_CORE_DETAIL_PARITY_FULL_VERSION.md,NO,CLOSED
M14-CI-011,M14,07_PRD/W4-02A.6.11_PRD_CURRENT_PRODUCT_REQUIREMENTS_FULL_CONSOLIDATED_v2.1.docx,AUGMENT,Trusted payment verification,M14,DOMAIN_AUTHORITY,M14 is the current semantic authority for its domain; cross-module consumers do not acquire ownership.,CORE PRODUCT REQUIREMENTS AUTHORITY,RUMAHAGEN_WF03_M14_FULL_REBUILD_v2.2_CORE_DETAIL_PARITY_FULL_VERSION/RUMAHAGEN_WF03_M14_FULL_REBUILD_v2.2_CORE_DETAIL_PARITY_FULL_VERSION.md,NO,CLOSED
M14-CI-012,M14,07_PRD/W4-02A.6.11_PRD_CURRENT_PRODUCT_REQUIREMENTS_FULL_CONSOLIDATED_v2.1.docx,AUGMENT,Idempotent fulfillment,M14,DOMAIN_AUTHORITY,M14 is the current semantic authority for its domain; cross-module consumers do not acquire ownership.,CORE PRODUCT REQUIREMENTS AUTHORITY,RUMAHAGEN_WF03_M14_FULL_REBUILD_v2.2_CORE_DETAIL_PARITY_FULL_VERSION/RUMAHAGEN_WF03_M14_FULL_REBUILD_v2.2_CORE_DETAIL_PARITY_FULL_VERSION.md,NO,CLOSED
M14-CI-013,M14,07_PRD/W4-02A.6.11_PRD_CURRENT_PRODUCT_REQUIREMENTS_FULL_CONSOLIDATED_v2.1.docx,AUGMENT,Entitlement lifecycle,M14,DOMAIN_AUTHORITY,M14 is the current semantic authority for its domain; cross-module consumers do not acquire ownership.,CORE PRODUCT REQUIREMENTS AUTHORITY,RUMAHAGEN_WF03_M14_FULL_REBUILD_v2.2_CORE_DETAIL_PARITY_FULL_VERSION/RUMAHAGEN_WF03_M14_FULL_REBUILD_v2.2_CORE_DETAIL_PARITY_FULL_VERSION.md,NO,CLOSED
M14-CI-014,M14,07_PRD/W4-02A.6.11_PRD_CURRENT_PRODUCT_REQUIREMENTS_FULL_CONSOLIDATED_v2.1.docx,AUGMENT,Quota Capacity,M14,DOMAIN_AUTHORITY,M14 is the current semantic authority for its domain; cross-module consumers do not acquire ownership.,CORE PRODUCT REQUIREMENTS AUTHORITY,RUMAHAGEN_WF03_M14_FULL_REBUILD_v2.2_CORE_DETAIL_PARITY_FULL_VERSION/RUMAHAGEN_WF03_M14_FULL_REBUILD_v2.2_CORE_DETAIL_PARITY_FULL_VERSION.md,NO,CLOSED
M14-CI-015,M14,07_PRD/W4-02A.6.11_PRD_CURRENT_PRODUCT_REQUIREMENTS_FULL_CONSOLIDATED_v2.1.docx,AUGMENT,Operational Pool,M14,DOMAIN_AUTHORITY,M14 is the current semantic authority for its domain; cross-module consumers do not acquire ownership.,CORE PRODUCT REQUIREMENTS AUTHORITY,RUMAHAGEN_WF03_M14_FULL_REBUILD_v2.2_CORE_DETAIL_PARITY_FULL_VERSION/RUMAHAGEN_WF03_M14_FULL_REBUILD_v2.2_CORE_DETAIL_PARITY_FULL_VERSION.md,NO,CLOSED
M14-CI-016,M14,07_PRD/W4-02A.6.11_PRD_CURRENT_PRODUCT_REQUIREMENTS_FULL_CONSOLIDATED_v2.1.docx,AUGMENT,Allocation,M14,DOMAIN_AUTHORITY,M14 is the current semantic authority for its domain; cross-module consumers do not acquire ownership.,CORE PRODUCT REQUIREMENTS AUTHORITY,RUMAHAGEN_WF03_M14_FULL_REBUILD_v2.2_CORE_DETAIL_PARITY_FULL_VERSION/RUMAHAGEN_WF03_M14_FULL_REBUILD_v2.2_CORE_DETAIL_PARITY_FULL_VERSION.md,NO,CLOSED
M14-CI-017,M14,07_PRD/W4-02A.6.11_PRD_CURRENT_PRODUCT_REQUIREMENTS_FULL_CONSOLIDATED_v2.1.docx,AUGMENT,Usage,M14,DOMAIN_AUTHORITY,M14 is the current semantic authority for its domain; cross-module consumers do not acquire ownership.,CORE PRODUCT REQUIREMENTS AUTHORITY,RUMAHAGEN_WF03_M14_FULL_REBUILD_v2.2_CORE_DETAIL_PARITY_FULL_VERSION/RUMAHAGEN_WF03_M14_FULL_REBUILD_v2.2_CORE_DETAIL_PARITY_FULL_VERSION.md,NO,CLOSED
M14-CI-018,M14,07_PRD/W4-02A.6.11_PRD_CURRENT_PRODUCT_REQUIREMENTS_FULL_CONSOLIDATED_v2.1.docx,AUGMENT,Refund / chargeback,M14,DOMAIN_AUTHORITY,M14 is the current semantic authority for its domain; cross-module consumers do not acquire ownership.,CORE PRODUCT REQUIREMENTS AUTHORITY,RUMAHAGEN_WF03_M14_FULL_REBUILD_v2.2_CORE_DETAIL_PARITY_FULL_VERSION/RUMAHAGEN_WF03_M14_FULL_REBUILD_v2.2_CORE_DETAIL_PARITY_FULL_VERSION.md,NO,CLOSED
M14-CI-019,M14,07_PRD/W4-02A.6.11_PRD_CURRENT_PRODUCT_REQUIREMENTS_FULL_CONSOLIDATED_v2.1.docx,AUGMENT,Reconciliation,M14,DOMAIN_AUTHORITY,M14 is the current semantic authority for its domain; cross-module consumers do not acquire ownership.,CORE PRODUCT REQUIREMENTS AUTHORITY,RUMAHAGEN_WF03_M14_FULL_REBUILD_v2.2_CORE_DETAIL_PARITY_FULL_VERSION/RUMAHAGEN_WF03_M14_FULL_REBUILD_v2.2_CORE_DETAIL_PARITY_FULL_VERSION.md,NO,CLOSED
M14-CI-020,M14,07_PRD/W4-02A.6.11_PRD_CURRENT_PRODUCT_REQUIREMENTS_FULL_CONSOLIDATED_v2.1.docx,AUGMENT,Refresh Allowance,M14,DOMAIN_AUTHORITY,M14 owns commercial allowance; M03 consumes/enforces Refresh action allowance; M10 authorizes.,CORE PRODUCT REQUIREMENTS AUTHORITY,RUMAHAGEN_WF03_M14_FULL_REBUILD_v2.2_CORE_DETAIL_PARITY_FULL_VERSION/RUMAHAGEN_WF03_M14_FULL_REBUILD_v2.2_CORE_DETAIL_PARITY_FULL_VERSION.md,NO,CLOSED
M15-IA-01,M15,07_PRD/W4-02A.6.11_PRD_CURRENT_PRODUCT_REQUIREMENTS_FULL_CONSOLIDATED_v2.1.docx,PRESERVE,M15 authority,M15,DOMAIN_AUTHORITY,M15 is the current semantic authority for its domain; cross-module consumers do not acquire ownership.,CORE PRODUCT REQUIREMENTS AUTHORITY,RUMAHAGEN_WF03_M15_FULL_REBUILD_v1.1_CORE_DETAIL_SYNCHRONIZED_FULL_VERSION/RUMAHAGEN_WF03_M15_FULL_REBUILD_v1.1_CORE_DETAIL_SYNCHRONIZED_FULL_VERSION.md,NO,CLOSED
M15-IA-02,M15,07_PRD/W4-02A.6.11_PRD_CURRENT_PRODUCT_REQUIREMENTS_FULL_CONSOLIDATED_v2.1.docx,PRESERVE,Title/Award distinction,M15,DOMAIN_AUTHORITY,M15 is the current semantic authority for its domain; cross-module consumers do not acquire ownership.,CORE PRODUCT REQUIREMENTS AUTHORITY,RUMAHAGEN_WF03_M15_FULL_REBUILD_v1.1_CORE_DETAIL_SYNCHRONIZED_FULL_VERSION/RUMAHAGEN_WF03_M15_FULL_REBUILD_v1.1_CORE_DETAIL_SYNCHRONIZED_FULL_VERSION.md,NO,CLOSED
M15-IA-03,M15,07_PRD/W4-02A.6.11_PRD_CURRENT_PRODUCT_REQUIREMENTS_FULL_CONSOLIDATED_v2.1.docx,AUGMENT,Qualification/evidence,M15,DOMAIN_AUTHORITY,M15 is the current semantic authority for its domain; cross-module consumers do not acquire ownership.,CORE PRODUCT REQUIREMENTS AUTHORITY,RUMAHAGEN_WF03_M15_FULL_REBUILD_v1.1_CORE_DETAIL_SYNCHRONIZED_FULL_VERSION/RUMAHAGEN_WF03_M15_FULL_REBUILD_v1.1_CORE_DETAIL_SYNCHRONIZED_FULL_VERSION.md,NO,CLOSED
M15-IA-04,M15,07_PRD/W4-02A.6.11_PRD_CURRENT_PRODUCT_REQUIREMENTS_FULL_CONSOLIDATED_v2.1.docx,AUGMENT,Partner Learning,M15,DOMAIN_AUTHORITY,M15 is the current semantic authority for its domain; cross-module consumers do not acquire ownership.,CORE PRODUCT REQUIREMENTS AUTHORITY,RUMAHAGEN_WF03_M15_FULL_REBUILD_v1.1_CORE_DETAIL_SYNCHRONIZED_FULL_VERSION/RUMAHAGEN_WF03_M15_FULL_REBUILD_v1.1_CORE_DETAIL_SYNCHRONIZED_FULL_VERSION.md,NO,CLOSED
M15-IA-05,M15,07_PRD/W4-02A.6.11_PRD_CURRENT_PRODUCT_REQUIREMENTS_FULL_CONSOLIDATED_v2.1.docx,AUGMENT,Developer Learning,M15,DOMAIN_AUTHORITY,M15 is the current semantic authority for its domain; cross-module consumers do not acquire ownership.,CORE PRODUCT REQUIREMENTS AUTHORITY,RUMAHAGEN_WF03_M15_FULL_REBUILD_v1.1_CORE_DETAIL_SYNCHRONIZED_FULL_VERSION/RUMAHAGEN_WF03_M15_FULL_REBUILD_v1.1_CORE_DETAIL_SYNCHRONIZED_FULL_VERSION.md,NO,CLOSED
M15-IA-06,M15,07_PRD/W4-02A.6.11_PRD_CURRENT_PRODUCT_REQUIREMENTS_FULL_CONSOLIDATED_v2.1.docx,PRESERVE,Lifecycle,M15,DOMAIN_AUTHORITY,M15 is the current semantic authority for its domain; cross-module consumers do not acquire ownership.,CORE PRODUCT REQUIREMENTS AUTHORITY,RUMAHAGEN_WF03_M15_FULL_REBUILD_v1.1_CORE_DETAIL_SYNCHRONIZED_FULL_VERSION/RUMAHAGEN_WF03_M15_FULL_REBUILD_v1.1_CORE_DETAIL_SYNCHRONIZED_FULL_VERSION.md,NO,CLOSED
M15-IA-07,M15,07_PRD/W4-02A.6.11_PRD_CURRENT_PRODUCT_REQUIREMENTS_FULL_CONSOLIDATED_v2.1.docx,PRESERVE,Actor/Role,M15,DOMAIN_AUTHORITY,M15 is the current semantic authority for its domain; cross-module consumers do not acquire ownership.,CORE PRODUCT REQUIREMENTS AUTHORITY,RUMAHAGEN_WF03_M15_FULL_REBUILD_v1.1_CORE_DETAIL_SYNCHRONIZED_FULL_VERSION/RUMAHAGEN_WF03_M15_FULL_REBUILD_v1.1_CORE_DETAIL_SYNCHRONIZED_FULL_VERSION.md,NO,CLOSED
M15-IA-08,M15,07_PRD/W4-02A.6.11_PRD_CURRENT_PRODUCT_REQUIREMENTS_FULL_CONSOLIDATED_v2.1.docx,AUGMENT,Permission,M15,DOMAIN_AUTHORITY_WITH_M10_AUTH,M15 owns qualification semantics; M10 owns authorization/RBAC/RLS.,CORE PRODUCT REQUIREMENTS AUTHORITY,RUMAHAGEN_WF03_M15_FULL_REBUILD_v1.1_CORE_DETAIL_SYNCHRONIZED_FULL_VERSION/RUMAHAGEN_WF03_M15_FULL_REBUILD_v1.1_CORE_DETAIL_SYNCHRONIZED_FULL_VERSION.md,NO,CLOSED
M15-IA-09,M15,07_PRD/W4-02A.6.11_PRD_CURRENT_PRODUCT_REQUIREMENTS_FULL_CONSOLIDATED_v2.1.docx,PRESERVE,Ownership/Scope,M15,DOMAIN_AUTHORITY,M15 is the current semantic authority for its domain; cross-module consumers do not acquire ownership.,CORE PRODUCT REQUIREMENTS AUTHORITY,RUMAHAGEN_WF03_M15_FULL_REBUILD_v1.1_CORE_DETAIL_SYNCHRONIZED_FULL_VERSION/RUMAHAGEN_WF03_M15_FULL_REBUILD_v1.1_CORE_DETAIL_SYNCHRONIZED_FULL_VERSION.md,NO,CLOSED
M15-IA-10,M15,07_PRD/W4-02A.6.11_PRD_CURRENT_PRODUCT_REQUIREMENTS_FULL_CONSOLIDATED_v2.1.docx,AUGMENT,Visibility/Presentation,M15,DOMAIN_AUTHORITY,M15 is the current semantic authority for its domain; cross-module consumers do not acquire ownership.,CORE PRODUCT REQUIREMENTS AUTHORITY,RUMAHAGEN_WF03_M15_FULL_REBUILD_v1.1_CORE_DETAIL_SYNCHRONIZED_FULL_VERSION/RUMAHAGEN_WF03_M15_FULL_REBUILD_v1.1_CORE_DETAIL_SYNCHRONIZED_FULL_VERSION.md,NO,CLOSED
M15-IA-11,M15,07_PRD/W4-02A.6.11_PRD_CURRENT_PRODUCT_REQUIREMENTS_FULL_CONSOLIDATED_v2.1.docx,AUGMENT,Approval,M15,DOMAIN_AUTHORITY,M15 is the current semantic authority for its domain; cross-module consumers do not acquire ownership.,CORE PRODUCT REQUIREMENTS AUTHORITY,RUMAHAGEN_WF03_M15_FULL_REBUILD_v1.1_CORE_DETAIL_SYNCHRONIZED_FULL_VERSION/RUMAHAGEN_WF03_M15_FULL_REBUILD_v1.1_CORE_DETAIL_SYNCHRONIZED_FULL_VERSION.md,NO,CLOSED
M15-IA-12,M15,07_PRD/W4-02A.6.11_PRD_CURRENT_PRODUCT_REQUIREMENTS_FULL_CONSOLIDATED_v2.1.docx,AUGMENT,API,M15,DOMAIN_AUTHORITY,M15 is the current semantic authority for its domain; cross-module consumers do not acquire ownership.,CORE PRODUCT REQUIREMENTS AUTHORITY,RUMAHAGEN_WF03_M15_FULL_REBUILD_v1.1_CORE_DETAIL_SYNCHRONIZED_FULL_VERSION/RUMAHAGEN_WF03_M15_FULL_REBUILD_v1.1_CORE_DETAIL_SYNCHRONIZED_FULL_VERSION.md,NO,CLOSED
M15-IA-13,M15,07_PRD/W4-02A.6.11_PRD_CURRENT_PRODUCT_REQUIREMENTS_FULL_CONSOLIDATED_v2.1.docx,PRESERVE,ERD,M15,DOMAIN_AUTHORITY,M15 is the current semantic authority for its domain; cross-module consumers do not acquire ownership.,CORE PRODUCT REQUIREMENTS AUTHORITY,RUMAHAGEN_WF03_M15_FULL_REBUILD_v1.1_CORE_DETAIL_SYNCHRONIZED_FULL_VERSION/RUMAHAGEN_WF03_M15_FULL_REBUILD_v1.1_CORE_DETAIL_SYNCHRONIZED_FULL_VERSION.md,NO,CLOSED
M15-IA-14,M15,07_PRD/W4-02A.6.11_PRD_CURRENT_PRODUCT_REQUIREMENTS_FULL_CONSOLIDATED_v2.1.docx,PRESERVE,Schema,M15,DOMAIN_AUTHORITY,M15 is the current semantic authority for its domain; cross-module consumers do not acquire ownership.,CORE PRODUCT REQUIREMENTS AUTHORITY,RUMAHAGEN_WF03_M15_FULL_REBUILD_v1.1_CORE_DETAIL_SYNCHRONIZED_FULL_VERSION/RUMAHAGEN_WF03_M15_FULL_REBUILD_v1.1_CORE_DETAIL_SYNCHRONIZED_FULL_VERSION.md,NO,CLOSED
M15-IA-15,M15,07_PRD/W4-02A.6.11_PRD_CURRENT_PRODUCT_REQUIREMENTS_FULL_CONSOLIDATED_v2.1.docx,AUGMENT,RBAC/RLS,M15,DOMAIN_AUTHORITY_WITH_M10_AUTH,M15 owns qualification semantics; M10 owns authorization/RBAC/RLS.,CORE PRODUCT REQUIREMENTS AUTHORITY,RUMAHAGEN_WF03_M15_FULL_REBUILD_v1.1_CORE_DETAIL_SYNCHRONIZED_FULL_VERSION/RUMAHAGEN_WF03_M15_FULL_REBUILD_v1.1_CORE_DETAIL_SYNCHRONIZED_FULL_VERSION.md,NO,CLOSED
M15-IA-16,M15,07_PRD/W4-02A.6.11_PRD_CURRENT_PRODUCT_REQUIREMENTS_FULL_CONSOLIDATED_v2.1.docx,AUGMENT,Functional,M15,DOMAIN_AUTHORITY,M15 is the current semantic authority for its domain; cross-module consumers do not acquire ownership.,CORE PRODUCT REQUIREMENTS AUTHORITY,RUMAHAGEN_WF03_M15_FULL_REBUILD_v1.1_CORE_DETAIL_SYNCHRONIZED_FULL_VERSION/RUMAHAGEN_WF03_M15_FULL_REBUILD_v1.1_CORE_DETAIL_SYNCHRONIZED_FULL_VERSION.md,NO,CLOSED
M15-IA-17,M15,07_PRD/W4-02A.6.11_PRD_CURRENT_PRODUCT_REQUIREMENTS_FULL_CONSOLIDATED_v2.1.docx,AUGMENT,Technical,M15,DOMAIN_AUTHORITY,M15 is the current semantic authority for its domain; cross-module consumers do not acquire ownership.,CORE PRODUCT REQUIREMENTS AUTHORITY,RUMAHAGEN_WF03_M15_FULL_REBUILD_v1.1_CORE_DETAIL_SYNCHRONIZED_FULL_VERSION/RUMAHAGEN_WF03_M15_FULL_REBUILD_v1.1_CORE_DETAIL_SYNCHRONIZED_FULL_VERSION.md,NO,CLOSED
M15-IA-18,M15,07_PRD/W4-02A.6.11_PRD_CURRENT_PRODUCT_REQUIREMENTS_FULL_CONSOLIDATED_v2.1.docx,AUGMENT,UI/UX,M15,DOMAIN_AUTHORITY,M15 is the current semantic authority for its domain; cross-module consumers do not acquire ownership.,CORE PRODUCT REQUIREMENTS AUTHORITY,RUMAHAGEN_WF03_M15_FULL_REBUILD_v1.1_CORE_DETAIL_SYNCHRONIZED_FULL_VERSION/RUMAHAGEN_WF03_M15_FULL_REBUILD_v1.1_CORE_DETAIL_SYNCHRONIZED_FULL_VERSION.md,NO,CLOSED
M15-IA-19,M15,07_PRD/W4-02A.6.11_PRD_CURRENT_PRODUCT_REQUIREMENTS_FULL_CONSOLIDATED_v2.1.docx,AUGMENT,Dependencies,M15,DOMAIN_AUTHORITY,M15 is the current semantic authority for its domain; cross-module consumers do not acquire ownership.,CORE PRODUCT REQUIREMENTS AUTHORITY,RUMAHAGEN_WF03_M15_FULL_REBUILD_v1.1_CORE_DETAIL_SYNCHRONIZED_FULL_VERSION/RUMAHAGEN_WF03_M15_FULL_REBUILD_v1.1_CORE_DETAIL_SYNCHRONIZED_FULL_VERSION.md,NO,CLOSED
M15-IA-20,M15,07_PRD/W4-02A.6.11_PRD_CURRENT_PRODUCT_REQUIREMENTS_FULL_CONSOLIDATED_v2.1.docx,CONTROLLED,Physical implementation,M15,DOMAIN_AUTHORITY,M15 is the current semantic authority for its domain; cross-module consumers do not acquire ownership.,CORE PRODUCT REQUIREMENTS AUTHORITY,RUMAHAGEN_WF03_M15_FULL_REBUILD_v1.1_CORE_DETAIL_SYNCHRONIZED_FULL_VERSION/RUMAHAGEN_WF03_M15_FULL_REBUILD_v1.1_CORE_DETAIL_SYNCHRONIZED_FULL_VERSION.md,NO,CLOSED
M15-IA-21,M15,07_PRD/W4-02A.6.11_PRD_CURRENT_PRODUCT_REQUIREMENTS_FULL_CONSOLIDATED_v2.1.docx,CONTROLLED,Runtime,M15,DOMAIN_AUTHORITY,M15 is the current semantic authority for its domain; cross-module consumers do not acquire ownership.,CORE PRODUCT REQUIREMENTS AUTHORITY,RUMAHAGEN_WF03_M15_FULL_REBUILD_v1.1_CORE_DETAIL_SYNCHRONIZED_FULL_VERSION/RUMAHAGEN_WF03_M15_FULL_REBUILD_v1.1_CORE_DETAIL_SYNCHRONIZED_FULL_VERSION.md,NO,CLOSED
M15-IA-22,M15,07_PRD/W4-02A.6.11_PRD_CURRENT_PRODUCT_REQUIREMENTS_FULL_CONSOLIDATED_v2.1.docx,NO-PROPAGATION,Production,M15,DOMAIN_AUTHORITY,M15 is the current semantic authority for its domain; cross-module consumers do not acquire ownership.,CORE PRODUCT REQUIREMENTS AUTHORITY,RUMAHAGEN_WF03_M15_FULL_REBUILD_v1.1_CORE_DETAIL_SYNCHRONIZED_FULL_VERSION/RUMAHAGEN_WF03_M15_FULL_REBUILD_v1.1_CORE_DETAIL_SYNCHRONIZED_FULL_VERSION.md,NO,CLOSED
