source_relative_path,bytes,sha256
AEP1 impact(1)/AEP1_Final_Synchronization_Reconciliation_v1.0.docx,38896,9a903b6a821ac1622579f7770fdef35852faa96752bf15fa79c352adf6451e43
AEP1 impact(1)/AEP1_Impact_01_Governance_ADR_Reconciliation.docx,37426,2cd4b189c491d0791ca85411f9f88f899a84552dacb3344b502dfbd7d5083646
AEP1 impact(1)/AEP1_Impact_02_ERD_Entity_Impact_and_Delta.docx,37526,d217d1cffea11cf16f5714acc3edf404fcc90bea3b6ffcb62c1c58bfcd8d5728
AEP1 impact(1)/AEP1_Impact_03_API_Synchronization_Specification.docx,37717,5e1786bd64579c19f54a74a78dd08e4b0703fa9c609ad3a57b7bf62f0235a68f
AEP1 impact(1)/AEP1_Impact_04_RBAC_Permission_Impact_Specification.docx,38420,5a11e888bb3069f14b530fe814516714fd416fa0d6e6c8ef6e38282a551321dc
AEP1 impact(1)/AEP1_Impact_05_User_Flow_Impact_Specification.docx,38562,13a69887e9530ba4a2a9af56eb59ac11d218be15e6a2130844b3f9436057106f
AEP1 impact(1)/AEP1_Impact_06_PRD_Impact_Specification.docx,38822,f0458863798bbdfe7be2598261c84772d4cbca3dd6cc70ee2cc657722dda23bd
AEP1 impact(1)/AEP1_Impact_07_Cross_Document_Traceability_Audit.docx,38973,d171c07a98859bd3980ae42b4ed9b760ebd200c8b14518916c96916b6ab38e25
AEP1 impact(1)/AEP1_Impact_08_Schema_Database_Impact_Specification.docx,39418,08b4ff35745637c51bbbed8a3aa4405f1899a93385c64d2d654c6d8e4e52a04a
AEP1 impact(1)/AEP1_Impact_09_Payment_Integration_Contract_Impact_Specification.docx,39334,fc69e2398d2e85885ad3e16aacef10aac3719fe301368ed46b2993c48e4add0b
AEP1 impact(1)/AEP1_Impact_10_Engineering_Guidebook_Playbook_Impact_Specification.docx,39189,69f3c9e538f646bbdb8439b50447e9a0052aefc8a1c643536ce7d373280f2241
AEP1 impact(1)/AEP1_Impact_11_Test_and_Business_Rule_Traceability.docx,39225,b58f9fb285187709181080c6a7d0c436aaee97e840cdc3c2e26881d35e1a7a90
AEP1 impact(1)/AEP2_Impact_02_Decision_Formalization_LE001_LE008.docx,38571,9696976fd0e8132afe444e3c3a280c0d437f08f3913e16a441ae165106da9e13
AEP2 impact (1)/AEP2_Final_Synchronization_Record_v1.0.docx,39117,98f889cb98944055ef8a2ac03869f3024a8c52d5c6867e6ed7dee13651d28996
AEP2 impact (1)/AEP2_Impact_01_Governance_ADR_Reconciliation.docx,39661,c168243a85767e733365eb1b78b59a11fe871d9044075d4f5982a182506da4a4
AEP2 impact (1)/AEP2_Impact_02_Decision_Formalization_LE001_LE008.docx,38571,9696976fd0e8132afe444e3c3a280c0d437f08f3913e16a441ae165106da9e13
AEP2 impact (1)/AEP2_Impact_03_Learning_Economy_Domain_Architecture_Impact.docx,40508,1460a3fc0441e8b971918cb1bad871b15765575d058e2f9e525b5e78218cfe44
AEP2 impact (1)/AEP2_Impact_04_ERD_Entity_Relationship_Impact.docx,40219,0e91fae9cff7b71675cc06f5a54fd5d2ae07b502c3769fb2edf403c2e7ae5c99
AEP2 impact (1)/AEP2_Impact_05_Schema_Database_Impact_Specification.docx,40699,054f624e01a9cee21b5b9888eddc3e09bb251331869193fdd0fc4a009b7d1833
AEP2 impact (1)/AEP2_Impact_06_Payment_Learning_Integration_Contract_Impact.docx,40117,0a0b66d4e1733274dbf28088a72dae8d0b1f543c649629759c1d2ab25a0db7ad
AEP2 impact (1)/AEP2_Impact_07_API_Impact_Specification.docx,40806,46b08c372db8f85db1bb06ae34a05336180258407b00cb6e49108153b6ffa493
AEP2 impact (1)/AEP2_Impact_08_RBAC_Permission_Impact_Specification.docx,40340,51cea2343574373b47159c95f4957a5a065f97b657d12a3c0cf0d784b4bba65f
AEP2 impact (1)/AEP2_Impact_09_User_Flow_Impact_Specification.docx,41032,156953a7f032982fbf99844d8411e5dcda809e1c043c7884555a58b974f5a731
AEP2 impact (1)/AEP2_Impact_10_PRD_Impact_Specification.docx,41520,a498c65b597baa4aa17e476eba909ffb65029d532dbce205ab7a2dbd4a0c117d
AEP2 impact (1)/AEP2_Impact_11_Engineering_Guidebook_Playbook_Impact.docx,41265,1244fc0e4819a79a6dce227aff10050b3b19af4b9123f9e26c4b002527c2a458
AEP2 impact (1)/AEP2_Impact_12_Test_Business_Rule_Traceability.docx,40887,c7a01ebb273238df55613fb44c5d756c1e6cd134bdbd74a0bc9b67d433f11d28
AEP2 impact (1)/AEP2_Impact_13_Cross_Document_Traceability_Reconciliation_Audit.docx,39803,8ef7417957765962e4e742436f261706630e62e2e82ab6af5c5ac50e88823c1f
AEP2 impact (1)/AEP2_Impact_14_ADR_LE005_Canonicalization_Governance_Disposition.docx,38641,92de7518530c35c915223c2f24bb4aa99caafe0055ec353f90b41715666a11da
AEP3 impact(1)/AEP3_Consolidation_Architecture_Review_v1.0.docx,41031,45c11458b7cb58647353058ca37e53f3b23daad8ecd7bc92fa7d8d65160b2975
AEP3 impact(1)/AEP3_Controlled_Synchronization_Execution_Report_v1.0.md,2113,76eea23e4852e7c62c9a643572d802d94491a6905c1b1113e4d46c4a499885c2
AEP3 impact(1)/AEP3_Final_Synchronization_Package_v1.0.docx,40651,8b982363c4f83117730d297a1f00f64572b7d91aed11981d259e1dee6a72b8b2
AEP3 impact(1)/AEP3_Impact_01_Governance_and_Current_Architecture_Impact_Analysis_v1.0.docx,39954,322597d4712ac5db9dff867ffc404329ace0400ca1f63e574b2de3bc788fe063
AEP3 impact(1)/AEP3_Impact_02_Target_Title_Awarding_Domain_Architecture_v1.0.docx,41909,332021cbeed590bff01e8aa0516bf09d5f915f531e2754eb6436103ef2aea62f
AEP3 impact(1)/AEP3_Impact_03_ERD_Entity_Relationship_Impact_Specification_v1.0.docx,42041,a0a430250df1afde9b567cb537d593f84d7610993eb74be7260cfc98d1c9eab2
AEP3 impact(1)/AEP3_Impact_04_Schema_Database_Impact_Specification_v1.0.docx,40593,8676f349f3f3d3671c216fc99c9de55590968f5bc7834afad6856eb26f969dcf
AEP3 impact(1)/AEP3_Impact_05_API_Synchronization_Contract_Impact_Specification_v1.0.docx,41934,f3d4a92e7f5262ed4b246c0557fb0cb2cb3c7922ad6cf722e5728003d01c22fc
AEP3 impact(1)/AEP3_Impact_06_RBAC_Permission_Impact_Specification_v1.0.docx,40639,3dcdcc2bd849f60aab446f50bcefe85e4b08a9b6d32039a42a3d662699e9357e
AEP3 impact(1)/AEP3_Impact_07_User_Flow_Impact_Specification_v1.0.docx,40637,0f4d9a93d23fcaeab7dfc8bb1fe066e299c398d4f6990b95b60f7a2ca0bb7adb
AEP3 impact(1)/AEP3_Impact_08_PRD_Product_Requirement_Impact_Specification_v1.0.docx,41271,3d6819c3aa8bf5f145daef61f06435f71fcad1b4b817a6b074634e12591be36b
AEP3 impact(1)/AEP3_Impact_09_Engineering_Service_Boundary_Impact_Specification_v1.0.docx,40362,21cdc8fafb8c168325c64c04c1302e285fd3bdcbf00c99847bea63d282bdd695
AEP3 impact(1)/AEP3_Impact_10_Traceability_Acceptance_Test_Impact_Specification_v1.0.docx,41123,992b3008094905564de2a1c51c26a16b8e744276df48b76a693ea5519ee0c9b6
AEP3 impact(1)/AEP3_OD01_Title_Identity_Version_Decision_v1.0.docx,38345,c0b8e27ccd7642d86b30ee88da1504639e6216254d2a58c4ead0c091b72bd583
AEP3 impact(1)/AEP3_OD06_Awarding_Authority_Model_Decision_v1.0.docx,39389,3de231ff73af31a60c785fce621ed9edb5cf0f596b4dfe38e19b5b8f578a3d08
AEP4 impact/RUMAHAGEN-AEP4-REVIEW-CONTINUITY-AND-CORRECTED-CURRENT-STATE-v1.0 (1).docx,40902,d6a5022cfc56b9fdad638f646d721ba2548e946d9f9d8a91d1b1684144bc8fb7
AEP4 impact/RUMAHAGEN-AEP4-REVIEW-CONTINUITY-AND-CORRECTED-CURRENT-STATE-v1.0.docx,40902,d6a5022cfc56b9fdad638f646d721ba2548e946d9f9d8a91d1b1684144bc8fb7
AEP4 impact/RUMAHAGEN-AEP4-STEP-01-GOVERNANCE-EVIDENCE-RECONCILIATION-v1.0.docx,40337,aa02710a7bd655bad3943e1ed5e9fe3bef5e0ca0fa7ff563c49877da4808c51a
AEP4 impact/RUMAHAGEN-AEP4-STEP-02-CORE-DECISION-SET-v1.0.docx,40367,02366b3d2a9314595b09e7df053dbf7fd11874cd638da8b6c42e92c3326111c6
AEP4 impact/RUMAHAGEN-AEP4-STEP-02-DECISION-LOG-OD01-OD15-v1.0.docx,38582,95827813222890c22de366e7fecf0c821f32f83a5a62c2ebcddbdf54e59449ed
AEP4 impact/RUMAHAGEN-AEP4-STEP-03-DECISION-CONSOLIDATION-BOUNDARY-TRACEABILITY-v1.0.docx,40689,b62489be290f0caa1e82e3a09f2d6892c57e6ceda8d20c85278072ebd9d96040
AEP4 impact/RUMAHAGEN-AEP4-STEP-04-LEARNING-SESSION-DOMAIN-ARCHITECTURE-IMPACT-v1.0.docx,41321,32a9a9c990c01a107fa40bdf0f5938624a9b6483b12702833b5c939000879cf4
AEP4 impact/RUMAHAGEN-AEP4-STEP-04-OD16-DECISION-AND-STEP05-LOGICAL-ENTITY-IMPACT-v1.0.docx,39560,206e73919b6a4940bb79d466fe0b86b9ca1fe6e2926ff2a0425a2eb2d68bda84
AEP4 impact/RUMAHAGEN-AEP4-STEP-05-OD17-ENROLLMENT-LIFECYCLE-v1.0.docx,38808,75c9559b35a33fdf21232c4f42c23b9c8d4ff966dd50395beee129b4e37f3f62
AEP4 impact/RUMAHAGEN-AEP4-STEP-06-ERD-LOGICAL-RECONCILIATION-v1.0.docx,40892,e56cd22914ecf311e4427f3a0503f55d6a7a3c10f4672fb8f5c0bc4c7a9d9b1b
AEP4 impact/RUMAHAGEN-AEP4-STEP-07-LOGICAL-SCHEMA-DATA-DICTIONARY-IMPACT-v1.0.docx,41018,7bdbd206f53dc6671000ef159d8dd4d696c9cf11ebda7d9ca022e7050f38e795
AEP4 impact/RUMAHAGEN-AEP4-STEP-08-PROVIDER-ADAPTER-INTEGRATION-CONTRACT-IMPACT-v1.0.docx,41943,ce57199351844a731afd1933aab116adb245936171e2527150a662e34c6ec173
AEP4 impact/RUMAHAGEN-AEP4-STEP-09-API-IMPACT-SPECIFICATION-v1.0.docx,41329,6cc640849c6db057ca347297e90d6109c4a38e9f0e4f1349fd32e061eb0edb7e
AEP4 impact/RUMAHAGEN-AEP4-STEP-10-RBAC-PERMISSION-IMPACT-v1.0.docx,41767,ea16e9938413a480bc9bd24ea33bc670144217cbc198f4d257ee0b229016e9de
AEP4 impact/RUMAHAGEN-AEP4-STEP-11-USER-FLOW-IMPACT-SPECIFICATION-v1.0.docx,42088,bdc43315a1d1e08d98260d1a8ef540332401b5020729779601bfd57fd54dd5ff
AEP4 impact/RUMAHAGEN-AEP4-STEP-12-PRD-PRODUCT-REQUIREMENT-IMPACT-v1.0.docx,42172,4d4663b81ac044b0f84e8e94495279633f8b2e86239a1f80c6f0b4edd51e5a52
AEP4 impact/RUMAHAGEN-AEP4-STEP-13-ENGINEERING-GUIDEBOOK-PLAYBOOK-IMPACT-v1.0.docx,43090,af042345a6dcf95fb45693dd3c1f49660e09ca5c02e0039de9be607c22a478f0
AEP4 impact/RUMAHAGEN-AEP4-STEP-14-TEST-BUSINESS-RULE-TRACEABILITY-v1.0.docx,42140,544ff1703dd1ca8e3084e042a299a1ecd18778bce911e66680a1fb6185bb345e
AEP4 impact/RUMAHAGEN-AEP4-STEP-15-CROSS-DOCUMENT-RECONCILIATION-v1.0.docx,41405,4a6b4e46d6b9249b99d7c29a52b2a373eb22e496d4fe897dbd7f97af4a970fec
AEP4 impact/RUMAHAGEN-AEP4-STEP-16-FINAL-SYNCHRONIZATION-CONSOLIDATED-PACKAGE-v1.0.docx,42326,de0d59bfe69b07409b25b0689a5ac8c99fe63e1c9b464fa3dad0a9d9a0dbfaeb
Downloads/AEP_Learning_Economy_v1.0.md,16846,2853c748daa578cba237f485edff8577e671cb56839d8e2953015c0ec7bb4889
Downloads/AEP_Monetization_Subscription_Promotion_Payment_Gateway_v1.0.md,11521,0e77c59e756c9700a371bc8c7c536d9715d285479cfd1994baba23d8540966d3
Downloads/AEP_Title_Business_Rules_Baseline_v1.0.md,21289,39c7b21190c66ed38efea3778b1ae68f82407ed7771a40e67c5349c482c69a2f
Downloads/Business_Rules_Learning_Economy_RumahAgen_v1.0.md,20601,edd01f32d9552d819e365cea8c9cae2b0d4c5ba6fb35fb6d263c574c98ca6409
Downloads/Learning_Session_Architecture_Evolution_v2(1).pdf,4394,17b63e4019cd43ca657f0d030d8f92c924e56ee6c7fb2db695635cfa64c28651
Downloads/RUMAHAGEN_Architecture_Evolution_Monetization_Subscription_Promotion_v1.1.docx,43812,bd13a988f9eec02c5a620c1de1e45a320c189c591653dbdc2c8291315aa2fdb8
Downloads/RUMAHAGEN_Business_Rules_Baseline_v1.0_FINAL.docx,45753,577ce601bdab043421a7412cb70e93363d60634d922ff88fa08dd6bd7a2127e3
Downloads/RUMAHAGEN_CURRENT_ARCHITECTURE_IMPACT_ANALYSIS_v1.0.md,24193,5fd41eaf447acbcfd501924c3b2964134fc842c77ef5eb68142e3267ebaf4677
Downloads/RUMAHAGEN_Learning_Session_AEP_and_Business_Rules_v1.0.md,21016,8d8ced84fb29e1a4e27be7061c377b9f93ebdf3fa55d7147c8072973065fb15e
Downloads/Title_Business_Rules_Baseline_v1.0_Consolidated.md,19022,b29db9332ab374e22eaee51f4b9f2835903001da22c037faef9cca9d53cac1d1
Master AEP dan BR update/ADR-BATCH-READINESS-MATRIX-v1.0.md,11608,70634f04a5c6fd271239b957e545947eb4c81be41ad87318248e96d946301d5c
Master AEP dan BR update/ADR-INVENTORY-HYGIENE-v1.0.md,4856,7f8d9a0929ecec19710e9efd932cebf6103756274e888635d21a14572b3a8410
Master AEP dan BR update/ADR-MASTER-SEQUENCING-DRAFTING-PLAN-v1.0.md,54498,46527a31c11d26df7871430c3f5a84939e5d6a34321c5c1f4d447580c524350d
Master AEP dan BR update/COMMERCIAL-AEP-RECONCILIATION-v1.0.md,15132,b3e1579c115d815192ffdcc3de0eca5c863b39891313b27d3304e8339a35194e
Master AEP dan BR update/GOVERNANCE-PRE-ADR-RECONCILIATION-v1.0.md,17268,3cf3cf6a59f8a623e5f7aa3c17f09f99f8717fe67d3a79ad9b57b0f7645a23ac
Master AEP dan BR update/MADCR-DEPENDENCY-HYGIENE-v1.0.md,5486,29b144d6a419460b42b15ccd6fb2beb4f24fb1a93de87d96322f6bbdfcdeb64a
Master AEP dan BR update/MADCR-v1.1-CORRECTION-CANONICALIZATION.md,82157,318db132222e7f2436a7126df5e3277e6095d90ca7dd8d5b788016e1f15b647a
Master AEP dan BR update/MAEP-v1.0-VALIDATION-REPORT.md,39833,728a19073a687ab4c07af75cc150340cb2ea9a67ee6f132665b81882e42009ab
Master AEP dan BR update/MAEP-v1.1-CHANGE-REGISTER.md,12727,257c7be50b5c519ef832f58a5ef58ac238f4237d312fb8c475416d6a24c7e9ad
Master AEP dan BR update/MAEP-v1.1-CORRECTION-SYNCHRONIZATION.md,40570,5eb0a32898264e0698125768feefb95ca51c3bfad1064d1f66e43c29d24e070d
Master AEP dan BR update/MAEP-v1.1-DISCREPANCY-REGISTER.md,7080,3f551d3b31e850cfe9594cc2612b7852096bc0072d54e45897947e99511bed46
Master AEP dan BR update/MASTER-ARCHITECTURE-DECISION-CANDIDATE-REGISTER.md,78387,b51c1f5756d7f4ef35c5303fc612585bf8b7f6d82749e953bbdc46e8cb9cc816
Master AEP dan BR update/MASTER-ARCHITECTURE-EVOLUTION-PROPOSAL.md,94144,54ea4320bc5eafda9affd9cc1b64b9d0f8c365ffca5aa4ca4fe6bb4c79d8c14b
Master AEP dan BR update/MASTER-ARCHITECTURE-EVOLUTION-PROPOSAL_v1.1_CORRECTION-PROPOSAL.md,7682,fd45ee970c7f2cb98859b63c424485e6f6bdd33c1d3e8bedd0212636abc027e5
Master AEP dan BR update/MBR-SOURCE-RECOVERY-REGISTER-v1.0.md,7392,b5976af2db7eda930f788f06473122d030bc72ddb14861c0808ec26c6378169c
Master AEP dan BR update/PRE-ADR-DISCREPANCY-REGISTER-v1.0.md,4880,8c56b5a6afdc93f34cd737297619dcac1d0c43c4df1ed7d8154ba345b7b65a73
Master AEP dan BR update/RUMAHAGEN_COMMERCIAL_BR_RECONCILIATION_v1.1.md,9709,3cbb6c6059c3e952bd06b8683aa31534b8ca2b1e0fc0fe38ba2c011bc1dd3f30
Master AEP dan BR update/RUMAHAGEN_COMMERCIAL_BUSINESS_RULES_BASELINE_v1.0_PROPOSED.md,12814,7efddeb2bdf0ce0ecbb213c6c31263f0c38713f85954b7894d6e75b63d9288ee
Master AEP dan BR update/RUMAHAGEN_CURRENT_ARCHITECTURE_IMPACT_ANALYSIS_v1.0.md,24193,5fd41eaf447acbcfd501924c3b2964134fc842c77ef5eb68142e3267ebaf4677
Master AEP dan BR update/RUMAHAGEN_Learning_Session_AEP_and_Business_Rules_v1.0.md,21016,8d8ced84fb29e1a4e27be7061c377b9f93ebdf3fa55d7147c8072973065fb15e
Master AEP dan BR update/RUMAHAGEN_MASTER_AEP_v1.0.md,9546,cd54e4d2ae4101a065afb322bb4fcae2b00bdd2faf2f5d0705eb4dbf5d977e57
Master AEP dan BR update/RUMAHAGEN_MASTER_BR_FINAL_TRACEABILITY_GATE_v1.3.docx,40108,98768545f87eb01dde0b3c9560eac5327e5357603dc3081e22b6365182e10cf3
Master AEP dan BR update/RUMAHAGEN_MASTER_BR_TRACEABILITY_AUDIT_v1.0.md,10504,9fe3d3b2ec15d6ea2893efa54a4c0e3f4e7427378f102eda96008db2fb932c35
Master AEP dan BR update/RUMAHAGEN_MASTER_BUSINESS_RULES_v1.1_CONSOLIDATED.docx,48077,adbb867d867a744144639034dfa9a10683d9a9ed80a90ab308e460a43fe21573
Master AEP dan BR update/RUMAHAGEN_MASTER_BUSINESS_RULES_v1.2_FINAL_CONSOLIDATION_CANDIDATE.docx,42199,7641b85bc3efd515e2926136af448c94693c5df90d44e598698860373af649c8
Master AEP dan BR update/RUMAHAGEN_TITLE_BR_TRACEABILITY_AUDIT_v1.0.docx,42527,97e02c478310c9026130a31f5886916d79a1356c396c912508bd34fcaf1608bd
Master AEP dan BR update/RUMAHAGEN_TITLE_TRACEABILITY_RECONCILIATION_v1.1.md,6180,e3cb18d116719c8cb781032634b3eaf6b688f0d6d30e69036ca6e79fe2fbaac4
RUMAHAGEN-ARB-01-ACTIVE-CR06-v1.0/ARB-01-ACTIVE-STATUS.json,387,f2604ab24e7f6bfbaba7f0a5982e0d8e88f865232a7847424a3a4d15db1c00de
RUMAHAGEN-ARB-01-ACTIVE-CR06-v1.0/ARB-01-CR06-ACTIVE-GOVERNANCE-RECORD-v1.0.md,8063,feaba8a9f590e5fb06fc4a3004073051434dd9ac5aef2d48c4d2af213c8a12a5
RUMAHAGEN-ARB-02-MADCR-036-ACTIVE-v1.0/ARB-02-MADCR-036-ACTIVE-STATUS.json,611,8001c91b2145d0e758f361720b028eff54149a299e0a89fa76c9df876f103edb
RUMAHAGEN-ARB-02-MADCR-036-ACTIVE-v1.0/ARB-02-MADCR-036-ACTIVE.md,8479,19266857a47465f9ae7e0eabebeea2b6b54cc02dc40f158d4e806aa2216eefe7
RUMAHAGEN-ARB-02-MADCR-036-ACTIVE-v1.0/README.md,427,e3e320f5b5e2b511b75539f206aa6cc8948124e14e24421997691e9d34212a62
RUMAHAGEN-dokumen-updated (2)/0001_extensions_helpers__1_.sql,2377,2c7a04b08cdfbd8fa70ad0cc385dea8fb68a6428ef8a16ccbbb889644110f91e
RUMAHAGEN-dokumen-updated (2)/0002_m10_rbac_foundation__1_.sql,4348,64c5c4743f1bf73776ac563568e795ad2d8ed0380acbdd6e154afedfda64c458
RUMAHAGEN-dokumen-updated (2)/0003_m01_auth__1_.sql,4707,41cbc1386e040fcd1d07b7ab4cf5906a4ce0f41a4f4af47d3ef3e59e25cdd70e
RUMAHAGEN-dokumen-updated (2)/0004_region_reference__1_.sql,2791,09e7b1a32b3ce9b1b144212122aa33dc3db229bafbbb97bf9b18641b06937a6f
RUMAHAGEN-dokumen-updated (2)/0005_m02_agent_profile__3_.sql,6539,96fc8edd7e2acb5847ca8f5cc2e42467b413e4fb3e97a89df0b0ea12a933d9a9
RUMAHAGEN-dokumen-updated (2)/0006_m06_developer__1_.sql,4599,c6d91a4e803c87f9b9d120b1662385ce9938e3d6628c1e88f8e2026cc4861ad3
RUMAHAGEN-dokumen-updated (2)/0007_m12_organization-FIXED.sql,7517,fa38d807c24e676b0c898bcec5a8dc7832c92857fe5a00f515d60f6c71b42fc7
RUMAHAGEN-dokumen-updated (2)/0007_m12_organization__1_.sql,5812,fba2c99e31e94687122db255573197da84adfc7a5062aa1a69ecfe9e6878a424
RUMAHAGEN-dokumen-updated (2)/0007_m12_organization__2_.sql,7517,fa38d807c24e676b0c898bcec5a8dc7832c92857fe5a00f515d60f6c71b42fc7
RUMAHAGEN-dokumen-updated (2)/0008_m03_listing-FIXED.sql,14556,54a0fca967ad9372d57bb3be1e28718e4ba98458cc5a88f74c59654b01b4c384
RUMAHAGEN-dokumen-updated (2)/0008_m03_listing__1_.sql,11596,cf27d1aefa6d319337f00c5b3606eb204d27c68dcada8f7792f437c067a8eb6c
RUMAHAGEN-dokumen-updated (2)/0008_m03_listing__2_.sql,14556,54a0fca967ad9372d57bb3be1e28718e4ba98458cc5a88f74c59654b01b4c384
RUMAHAGEN-dokumen-updated (2)/0009_m04_learning_center-FIXED.sql,8631,fca14d8c07ac0555de5717cd6c12a6fd2471d6a367f17f681680d520aedfc553
RUMAHAGEN-dokumen-updated (2)/0009_m04_learning_center__1_.sql,6403,0130481d0b0cec616f0403d0decec6004b3f0002a7dd2bf78f9c2be7123acf9b
RUMAHAGEN-dokumen-updated (2)/0009_m04_learning_center__2_.sql,8631,fca14d8c07ac0555de5717cd6c12a6fd2471d6a367f17f681680d520aedfc553
RUMAHAGEN-dokumen-updated (2)/0010_m05_events-FIXED.sql,5467,60187c6d78a1780a8af09213c7ddab0c7182fc380ce574db28124274dcd52dc3
RUMAHAGEN-dokumen-updated (2)/0010_m05_events__1_.sql,2754,a6c04e7b13d36dab5746998f813be5d980ef7408b2d4eb62380018568cda9a92
RUMAHAGEN-dokumen-updated (2)/0010_m05_events__2_.sql,5467,60187c6d78a1780a8af09213c7ddab0c7182fc380ce574db28124274dcd52dc3
RUMAHAGEN-dokumen-updated (2)/0011_m07_dbr__2_.sql,2692,de516e6177ca5a82117b997ed36d64cb1f96d88b28c6d1df366847c3c488487c
RUMAHAGEN-dokumen-updated (2)/0012_m08_notifications__1_.sql,1228,4f439635d31f3c371868368720c5b6d8a74c933d99794412f1b2522309aa4388
RUMAHAGEN-dokumen-updated (2)/0013_m09_admin__1_.sql,2197,338749bed4e77d8650fb4cc1fe803548ce5681152a60c53148e34600a4f647bc
RUMAHAGEN-dokumen-updated (2)/0014_m11_seo__1_.sql,2257,e50a1c13c82a233ce8ada73204b09abaed00b15572c70039bd7e83cc7befce5a
RUMAHAGEN-dokumen-updated (2)/0015_m13_ai_assistant__1_.sql,3043,f8c849c2195947016f7193c79086190df66abd8de96111d97c6d9c589b11ddd2
RUMAHAGEN-dokumen-updated (2)/ADR-005-Search-Strategy-Review.md,29242,c33fbe5b83848067ef9206e07ce4c4840810cc0bef651915413ed6f420798007
RUMAHAGEN-dokumen-updated (2)/ADR-006-Job-Queue-Strategy-Review.md,32884,ec5ea45d14d3d133155058f797348465dfd2e59095172f0140e230bf0f462950
RUMAHAGEN-dokumen-updated (2)/ADR-008-Maps-Provider-Review__1_.md,40049,a2d17d564e993dea4bb345a675ce2426e9b57ac52339ba44d62d25839979a8f1
RUMAHAGEN-dokumen-updated (2)/ADR-018-Caching-Strategy-Review.md,23837,9255826034268d5eab68304bfe885e40e0cc38ef3261acd522d30a7387d598ab
RUMAHAGEN-dokumen-updated (2)/ADR-047-Image-Duplicate-Detection.md,4002,331a1b044ec55976bf6ece8d06056881db619dfc86e1c9a0c61f44b5b1304d6c
RUMAHAGEN-dokumen-updated (2)/ADR-Consolidation-Supporting-Deliverables.md,5734,2e420d1bb6c0498d81e5d645511d6900d28d87c7f1aac152f53f798a89104ab6
RUMAHAGEN-dokumen-updated (2)/AI-CONTEXT-PACK-v1_1.md,38635,8a90937110033ddf4fb083646bf424d258e619602f92c638ac62043dc6a12786
RUMAHAGEN-dokumen-updated (2)/AI-DEVELOPMENT-BLUEPRINT-v1_6-FINAL__1_.md,102259,11d394ea57060eddd120230f43d8dc029225117561d22d4a98014125b16359f1
RUMAHAGEN-dokumen-updated (2)/API-Specification-RUMAHAGEN-v1_3-FINAL-FIXED.md,48759,97d4d5c13bfe13fb565bbe1937add49934c9790cedb77822fdc9a28b75a6a0d1
RUMAHAGEN-dokumen-updated (2)/API-Specification-RUMAHAGEN-v1_3-FINAL.md,47373,c1d5f4f91244628be89706b586a8e0fa14909551e213b8d27139071f15d138de
RUMAHAGEN-dokumen-updated (2)/Architecture-Evolution-Proposal-Organization-Management-System-v0_9-FINAL.md,82484,1ef11c345da848ec01de2d0db76b4b2e50c307847662a8e9e429d3b245a2780c
RUMAHAGEN-dokumen-updated (2)/Authorization-Access-Control-Specification-v1_1-FINAL.md,36633,c6808a90dc98e64c69968759c87680128db366c00d9695f615a7d0e6466a0c38
RUMAHAGEN-dokumen-updated (2)/CHANGELOG-v0_4_1.md,106902,f64a0987ddb14d8fb8ddcac83b3dd88710426bbb9579330a5f92bfb2c23bd600
RUMAHAGEN-dokumen-updated (2)/CHANGELOG-v0_7_1.md,126453,0d24923e1f0b301f0480360059c00c6567db39ce2f5bdcc19b042d1291d667a5
RUMAHAGEN-dokumen-updated (2)/CHANGELOG-v0_7_19-FINAL.md,169718,1491f476b7297a6958f8b819546e08a79650f955a505468a3209e25b3244fec5
RUMAHAGEN-dokumen-updated (2)/CHANGELOG-v0_7_2.md,129114,e3df193a18dc7d23963c5b6bedd5ca8f59bdb233aa8a460e73829866462fc1f7
RUMAHAGEN-dokumen-updated (2)/CHANGELOG-v0_7_20-FINAL.md,172689,b7c522da60c012e4b0e178f894fd7a93716c8f49cf85624595595f67f148417f
RUMAHAGEN-dokumen-updated (2)/CHANGELOG-v0_7_21-VERIFIED-FINAL.md,175672,5fb15aad030f5d55b94441f032eae6a8051b9d60d5d8a5d724cc55b7cf790643
RUMAHAGEN-dokumen-updated (2)/CURRENT-PROJECT-STATE-rev10-KONSOLIDASI-FINAL.md,49260,c36ab6801423a420628dad40ae653d46f90c07039d112c92283f7f9cc02b0c4a
RUMAHAGEN-dokumen-updated (2)/CURRENT-PROJECT-STATE-updated-v5.md,33878,cab1a1f5f29b95d89cfef7a1116d7726d779544ae868ef5fd7edcb410774db09
RUMAHAGEN-dokumen-updated (2)/CURRENT-PROJECT-STATE-updated-v7.md,34958,9e888601371bdf5e7fe391dd892f5d79483b40fe64436f64c11337aa8be7741d
RUMAHAGEN-dokumen-updated (2)/CURRENT-PROJECT-STATE-updated-v8__1_.md,36125,6025fcd27ba0134c3a5221ffea17a333e4c50dad0831f695a710ee65b92bde9e
RUMAHAGEN-dokumen-updated (2)/CURRENT-PROJECT-STATE-updated-v9.md,45150,ef84767b7b77712f1f21b148b6010a1106f0f1b904a557d0a4460dcbad7df374
RUMAHAGEN-dokumen-updated (2)/CURRENT-PROJECT-STATE-updated.md,23878,7179274f11452efbad6ed5382a0539479993f07680525f0819211611eeb51c0c
RUMAHAGEN-dokumen-updated (2)/DEVELOPMENT-ROADMAP.md,37997,f0d49a2099b070ce015ad1723eee5878bfe10f5bf98b58b3f4d975b8cdd52327
RUMAHAGEN-dokumen-updated (2)/Database-Dictionary-Migration-Ready-v1_0-FINAL.md,8634,b8f624cdf48723b1654dc9593a78950b43ee66fd5f7947684b4cc55d61075992
RUMAHAGEN-dokumen-updated (2)/Database-Migration-Full-v1_0__1_.sql,63343,7b5be2562ab0cb7f2c40d39838c0e7ff64e91f96941a3e91aa31c2f3664b1bf3
RUMAHAGEN-dokumen-updated (2)/ERD-Skema-Database-RUMAHAGEN-v1_4-FINAL.md,46882,a917700f43af204468187a3e1774f1651d4b7cc0efb80734dbecdac9d5ed8d01
RUMAHAGEN-dokumen-updated (2)/Engineering-Alignment-Framework-v1_0.md,73257,2ff2f5c5adce937fdad0d16759de218a67f1ddc50b3b12ba02c6749656a956e3
RUMAHAGEN-dokumen-updated (2)/Entity-Mapping-RUMAHAGEN-v1_0-FINAL.md,11862,f110ad106a95eb6859cc59a4a9c1f64bfeab412d0be1435a6ad1843f1c781bfa
RUMAHAGEN-dokumen-updated (2)/Functional-Specification-RUMAHAGEN-v1_0-FINAL.md,35752,19e81839b47f004fba9f0635594987a29815bcea81b3222ab380f7d08d28e3d7
RUMAHAGEN-dokumen-updated (2)/ISSUE-REGISTER-Konsolidasi-FINAL.md,24510,20747a9fc94ff1657d21dba681bedd15f3aa3000a0df3704201d89b82d345fbb
RUMAHAGEN-dokumen-updated (2)/ISSUE-REGISTER-Konsolidasi-FINAL__3_.md,29064,a4dc1721dd86a78367b8eba271fd770c5f040e7d438d073b6f5506b74a2c1503
RUMAHAGEN-dokumen-updated (2)/ISSUE-REGISTER-Konsolidasi-v2_0-KONSOLIDASI-FINAL.md,30942,2526f78bed0906a6ccb1e71b3383c4bf1165a772dc4e02f05b96486facc9a24e
RUMAHAGEN-dokumen-updated (2)/Issue-Register-Resolution-Package-v1_0.md,22547,ec57dace6a7c9dc989f9b920e893afcc904ee10456b5c0ed2a0e7b818c1590b1
RUMAHAGEN-dokumen-updated (2)/MP-01-Authentication-Module-Planning-v1_0-FINAL.md,46538,9a749d79a1768eb16a83fba60ea21fcc8517e68650815a648b868e1221947595
RUMAHAGEN-dokumen-updated (2)/MP-02-ProfilAgen-Module-Planning-v1_0-FINAL.md,39528,ec7abcd6a777bf3c821e86258883d734f50a7a56677902a9bee52c79a0c0bfcf
RUMAHAGEN-dokumen-updated (2)/MP-03-Listing-Module-Planning-v1_0-FINAL__1_.md,43143,2dab57de441f1aca2c51f9d8702b27e735a2116ae5b81f634d7150ff4031fae5
RUMAHAGEN-dokumen-updated (2)/MP-04-LearningCenter-Module-Planning-v1_0-FINAL__1_.md,39434,9592f710d2f0d241e5f6b88682239c32b46770164bb2a977e80848c05da58395
RUMAHAGEN-dokumen-updated (2)/MP-05-KalenderEvent-Module-Planning-v1_0-FINAL.md,29452,5daf9357f3164ffabf5b38025268b7a487cffbf2c4428267cc5fd47376f69369
RUMAHAGEN-dokumen-updated (2)/MP-06-DirektoriDeveloper-Module-Planning-v1_0-FINAL.md,39402,d482702c37447d790b6dbe91f624da565a5fddd98f6ec03a3f33f4b35505a947
RUMAHAGEN-dokumen-updated (2)/MP-07-DBRScoring-Module-Planning-v1_0-FINAL__1_.md,25632,e0e51a0849fd1d690cd81436e9354c6e7c5116bc4e6257a8458474e73b34dfb1
RUMAHAGEN-dokumen-updated (2)/MP-08-DashboardNotifikasi-Module-Planning-v1_0-FINAL.md,26637,588d76946778ad63486064ea45fb79168dfebedf6d7cd2e156353508b17f16f3
RUMAHAGEN-dokumen-updated (2)/MP-09-AdminPanel-Module-Planning-v1_0-FINAL.md,40201,d28ccb6527503fac3cdb716f385dd9a480117ce809da483576263b704085d2a9
RUMAHAGEN-dokumen-updated (2)/MP-10-RBAC-Module-Planning-v1_0-FINAL.md,49000,b5deac68fc6c2c09e122bf3871dc90ea2dd3bb63fd5b5bec3b59056f7a2336e2
RUMAHAGEN-dokumen-updated (2)/MP-11-SEOAnalytics-Module-Planning-v1_0-FINAL.md,28527,13d460bf4f5d05c18a2323dedc8b4a6adf146dc61019cb8ebedf281357ccc054
RUMAHAGEN-dokumen-updated (2)/MP-12-Organization-Module-Planning-v1_0-FINAL.md,39576,a028d4450c3413936baacea8eacf88198faf32cc4521ebc3fb8d1455a47b8df1
RUMAHAGEN-dokumen-updated (2)/MP-13-AIAssistant-Module-Planning-v1_0-FINAL.md,40780,c2f10e6eba2941a34d10a82406d9e8d271805ed4ec5ba9f668f96fdea741a245
RUMAHAGEN-dokumen-updated (2)/Module-Dependency-Matrix-RUMAHAGEN-v1_0-FINAL__1_.md,53803,b5a1eb96c02fa750412a2e0b10735fca0c0087e4652323e1b40812ea61017d57
RUMAHAGEN-dokumen-updated (2)/Module-Implementation-Strategy-RUMAHAGEN-v1_0-FINAL.md,26841,3c2a9c96c45827d9e3de72f848ab57ac3bf441b5ce7947b3542118a567bcf38a
RUMAHAGEN-dokumen-updated (2)/P7-Hasil-UISpec-DuplicateModal-WarningBanner.md,5077,abf85832013d4da33e0e97efc99bc9e5d3a21278ed9a29b45e0dae13145e4f97
RUMAHAGEN-dokumen-updated (2)/PRD-RUMAHAGEN-v1_3-FINAL.md,85104,dd05ab430c077091795a14eac17bfba428d7aecc5a593effa12aa380577de640
RUMAHAGEN-dokumen-updated (2)/PROJECT-CONSTITUTION-v1_9-FINAL.md,87565,0eb6552571973bca87a22516b50593f94f91a3610a6742cd54957583ca9122e4
RUMAHAGEN-dokumen-updated (2)/Paket-Prompt-Konsolidasi-Riwayat-Versi-Dokumen.md,10081,245ad7a03625f95cd9998ec8795ec91c2125e8d43fe24354b8d47b5a8ecc08e5
RUMAHAGEN-dokumen-updated (2)/Prompt-Drift-Detection-Audit-ADR.md,4157,bde3cf60898c7d8cc2e3e0c0c8c1eb64f229a0b750cdaf364bff43bd27b38783
RUMAHAGEN-dokumen-updated (2)/README-seed-superadmin.md,3821,60c7a856c506a4685b0f75898851ab7ffd3bdb4ded9e2013e08da38bd499eb52
RUMAHAGEN-dokumen-updated (2)/SEO-Analytics-Specification-RUMAHAGEN-v1_1-FINAL.md,15533,df856c505dcc71c9fe5296f3cc2241a86baf12969ed1002d0598261a9fdd32ce
RUMAHAGEN-dokumen-updated (2)/SYSTEM-ARCHITECTURE-Consolidation-Supporting-Deliverables.md,7877,b2184d0826e1f78fd60079758d1fc81973f0817c037fb4c34e298d2e4658b674
RUMAHAGEN-dokumen-updated (2)/SYSTEM-ARCHITECTURE-v1_6-FINAL.md,123024,ea8a269d7536f8a0a53ee3c88e03bea2531e1072658ca3619acba5b1f1300f07
RUMAHAGEN-dokumen-updated (2)/TASK-TEMPLATE-v1_1.md,24679,9df52c91304d2ea0e2e05654213e66dbbc2b58cda349e4df43595c47fe187a3c
RUMAHAGEN-dokumen-updated (2)/Technical-Specification-RUMAHAGEN-v1_0-FINAL.md,19352,3522be030304a92e3e4cac46eca32d8c0553f3b3fedeb3851ca9f96402f35ffe
RUMAHAGEN-dokumen-updated (2)/UI-Specification-RUMAHAGEN-v1_0-FINAL.md,31343,82ec248f60e57cc25961edd58271f380f5da8fbbe4f89e32fba4e7fa5d0a1d31
RUMAHAGEN-dokumen-updated (2)/User-Flow-RUMAHAGEN-v1_2-FINAL.md,27958,64492baac2543a542104000226a2a155dd4c0d8b114631d07d2f9ffdd34be4f6
RUMAHAGEN-dokumen-updated (2)/architecture-decision-records-FINAL-v1_1-plus-ADR029.md,132113,e2c1ec2e8e93ce2defe8b181f030c46c0ce63684de2b6afb71593828061091b2
RUMAHAGEN-dokumen-updated (2)/architecture-decision-records-v1_1.md,126805,15bcaf67aa7db3a8b9420878cfebb665e11d1bc7cf7051bc8b61a364aaa0c122
RUMAHAGEN-dokumen-updated (2)/decision-log-FINAL-v8Agustus2026.md,149253,32b7a2ef6bf5d793ca89ddb3959fe020f6207094506da6e2b4537dd70a35e638
RUMAHAGEN-dokumen-updated (2)/dependency-manifest-v1_6-FINAL.md,48064,a2db71548b9dbe801b0c8783775c01b4397a4838b2bd061560e4799a98decca1
RUMAHAGEN-dokumen-updated (2)/document-governance-baseline-register-v1_11-KONSOLIDASI-FINAL.md,135815,ff4650ff26dd10fdac2890339229c0ac0087106ca47af1ce24b00614983bc102
RUMAHAGEN-dokumen-updated (2)/document-governance-baseline-register-v1_4.md,88559,bea2d850e106f7cc816fd7959a6d05908c7665b67ad018a7ba4e87cdc29c5924
RUMAHAGEN-dokumen-updated (2)/document-governance-baseline-register-v1_6.md,95784,7beed637f2bb658bd924b81e3c7171a2054613ccbd23b5f121dd9e09253b1daa
RUMAHAGEN-dokumen-updated (2)/document-governance-baseline-register-v1_7.md,97904,1d424779ab19aaca3e5d503d8aec3eecf199cc038f16b2cff2ce2a4a72c8c64f
RUMAHAGEN-dokumen-updated (2)/document-governance-baseline-register-v1_8-FINAL__3_.md,121640,c3f596f3ccfa94d61b611f0e4b401d344b7dab79ec01ec824f1d80220d762016
RUMAHAGEN-dokumen-updated (2)/document-governance-baseline-register-v1_9-FINAL.md,123682,537c95b765f7159160eff60ca2ddf6310a4161882fc82845138754cc697188f9
RUMAHAGEN-dokumen-updated (2)/executive-architecture-review.md,30454,23b074442d9a8bfc173bc7728fe857b37e3386c68bbbd1b579ca072e70523a5e
RUMAHAGEN-dokumen-updated (2)/foundation-validation-report.md,53827,f9f453f1d80e660e6b5bac1c71085465c6b7a70687403ab4e6eabba7718c0b5e
RUMAHAGEN-dokumen-updated (2)/migrations-RENAME-ARCHIVE-MANIFEST.md,2871,5b479d96eb532c7fa8540740ddcec65f38d7317896341e076992c5fe4b60b272
RUMAHAGEN-dokumen-updated (2)/project-manifest-v1_10.md,90511,b2d622edc1adbd62a4bab31117bd2c7d506fbb5b9f87ac00a19653833454a029
RUMAHAGEN-dokumen-updated (2)/project-manifest-v1_24-FINAL__1_.md,112828,0a47d65f9446684f19d368a68ece288b48fb9a107476b08e517acbdb8559aebd
RUMAHAGEN-dokumen-updated (2)/project-manifest-v1_25-FINAL.md,116199,c6ac853c0930a0061fb4da12824436fb1b8642831c7532bfacf16a3d53042e81
RUMAHAGEN-dokumen-updated (2)/project-manifest-v1_26-KONSOLIDASI-FINAL.md,133253,388f4167d5929d5f29cfea4cb8052bb88e45cff1ef0e1cc83049aaba78409021
RUMAHAGEN-dokumen-updated (2)/project-manifest-v1_28-KONSOLIDASI-FINAL.md,136786,9a607ffe37b2f116555467697010af0ecc9b27bd12c7f238f3da465622e82ae5
RUMAHAGEN-dokumen-updated (2)/project-manifest-v1_8.md,90560,f781f656f8ff8aaad5cdf1a97d9d0fafe2dddfd4841e513073bae6447c30cefe
RUMAHAGEN-dokumen-updated (2)/project-manifest-v1_9.md,90702,51f4dadb51bfe28737fb79712f8312de9def995f39cbf7faa261f74532a1d2d1
RUMAHAGEN-dokumen-updated (2)/project-manifest__10_.md,90010,eaad1c1c7d728b3211d98803c3d0d357f3cdd93dcf51287caf8f3eb368ac0bca
RUMAHAGEN-dokumen-updated (2)/seed-superadmin.ts,8756,64bcdbd3ea285007532bc552fe96eb6786a323d4eb4c988d97650669e720c72f
RUMAHAGEN-dokumen-updated (2)/synchronization-report-adr-001.md,10342,5eac54a70f63fead7f8a83133e563b5bc3869ef5fcef6c887c281621e51e51e8
RUMAHAGEN-dokumen-updated (2)/technology-decisions-v1_6-FINAL.md,93465,bfa9cb2dcb3f37133814ab77277b1dc58515543683e59faec875b6e606213e9d
RumahAgen Cross/RUMAHAGEN-CROSS-AEP-STEP-01-CANONICAL-CONSOLIDATION-MATRIX-v1.0.docx,44021,191b35088a34333d4e1152b6cee18b750626042d048c53e98a491a0a8c151a09
RumahAgen Cross/RUMAHAGEN-CROSS-AEP-STEP-02-ARCHITECTURE-DELTA-DEPENDENCY-SPECIFICATION-v1.0.docx,44720,d6c27898de18e391297c7ff1c478ec6d52b50126d943cd6ca0071641083438f5
RumahAgen Cross/RUMAHAGEN-CROSS-AEP-STEP-03-GLOBAL-SYNC-EXECUTION-PLAN-CHANGE-MAP-v1.0.docx,42697,3cf8c2d0c982d651fcad844c84fd6f6352c8fdc3e61239b2e5e338112b33ddcd
RumahAgen Cross/RUMAHAGEN-CROSS-AEP-STEP-04-D0-D1-POST-EDIT-RECONCILIATION-v1.0.docx,38388,3878d572483ec33295d02b6c3f98060d6c5bbbb7adc004cd7c7771a228dd65ac
RumahAgen Cross/RUMAHAGEN-CROSS-AEP-STEP-04-D0-D1-SYNCHRONIZED-PACKAGE-v1.0_unzipped/CURRENT-PROJECT-STATE-rev11-CROSS-AEP-D0-D1.md,50789,baaa0fa10da649cd74c9bcfd776feeec20eef847f0bb0a1ad14cef3b1ff4f98b
RumahAgen Cross/RUMAHAGEN-CROSS-AEP-STEP-04-D0-D1-SYNCHRONIZED-PACKAGE-v1.0_unzipped/PROJECT-CONSTITUTION-v1_10-CROSS-AEP-D0-D1.md,91048,f6d0f9c531536a70d791d7cfb12f8c3875e3e264517a329b02edd96a0f1400ce
RumahAgen Cross/RUMAHAGEN-CROSS-AEP-STEP-04-D0-D1-SYNCHRONIZED-PACKAGE-v1.0_unzipped/RUMAHAGEN-CROSS-AEP-STEP-04-D0-D1-POST-EDIT-RECONCILIATION-v1.0.md,3885,7a7c864af57ea9a29f65f9423f03d430597947afc622f9872619f164fde503b2
RumahAgen Cross/RUMAHAGEN-CROSS-AEP-STEP-04-D0-D1-SYNCHRONIZED-PACKAGE-v1.0_unzipped/SYSTEM-ARCHITECTURE-v1_7-CROSS-AEP-D0-D1.md,125823,c94006ff61211103c3023e8c1749d2e364c20d23ebdac2b8897de90d1e51ebca
RumahAgen Cross/RUMAHAGEN-CROSS-AEP-STEP-04-D0-D1-SYNCHRONIZED-PACKAGE-v1.0_unzipped/document-governance-baseline-register-v1_12-CROSS-AEP-D0-D1.md,136759,3c5cd7c54b352fd5bb21645bdd6fc1a0d8fe4e27ebe6f1bdc8e612f342971785
RumahAgen Cross/RUMAHAGEN-CROSS-AEP-STEP-04-D0-D1-SYNCHRONIZED-PACKAGE-v1.0_unzipped/project-manifest-v1_29-CROSS-AEP-D0-D1.md,137201,dae5c9ce77dbfecbab4a5c8c4f500012bc54f4a313eac02b6eba9811dc5f467a
RumahAgen Cross/RUMAHAGEN-CROSS-AEP-STEP-05-D1-POST-EDIT-RECONCILIATION-v1.0.docx,37837,201e4ada2959d6bae078098565070bea6c87bc5250911a9b674b20b0cf3e3658
RumahAgen Cross/RUMAHAGEN-CROSS-AEP-STEP-06-D2-LEARNING-ECONOMY-SYNCHRONIZATION-v1.0_unzipped/API-Specification-RUMAHAGEN-v1_5-CROSS-AEP-D2.md,50581,00363a7b7f165c9e9f0bb701c6f4a328b423fac1e38133c34d3ead9e879e7548
RumahAgen Cross/RUMAHAGEN-CROSS-AEP-STEP-06-D2-LEARNING-ECONOMY-SYNCHRONIZATION-v1.0_unzipped/Authorization-Access-Control-Specification-v1_3-CROSS-AEP-D2.md,38091,c66cfce32a6df621d0adbc66fea92ee0c17a6374415153c5e7e600a050d0e9df
RumahAgen Cross/RUMAHAGEN-CROSS-AEP-STEP-06-D2-LEARNING-ECONOMY-SYNCHRONIZATION-v1.0_unzipped/D2-LEARNING-ECONOMY-BUSINESS-RULE-TRACEABILITY-ADDENDUM-v1.0.md,1698,e0e0c69bbd4911717e9c6391584e66fdba1fcbcf03f73979aba35aecf5a52dce
RumahAgen Cross/RUMAHAGEN-CROSS-AEP-STEP-06-D2-LEARNING-ECONOMY-SYNCHRONIZATION-v1.0_unzipped/Database-Dictionary-Migration-Ready-v1_2-CROSS-AEP-D2.md,9826,9e36f981799388562883b161672c7f210306e54620f2354a254cf9df8f75099b
RumahAgen Cross/RUMAHAGEN-CROSS-AEP-STEP-06-D2-LEARNING-ECONOMY-SYNCHRONIZATION-v1.0_unzipped/ERD-Skema-Database-RUMAHAGEN-v1_6-CROSS-AEP-D2.md,49152,47fd4ad681020d6f53c90387ac79d96080cb4b9eafbf1e9fe5b082f489e00c95
RumahAgen Cross/RUMAHAGEN-CROSS-AEP-STEP-06-D2-LEARNING-ECONOMY-SYNCHRONIZATION-v1.0_unzipped/PRD-RUMAHAGEN-v1_5-CROSS-AEP-D2.md,86651,4132bfb4d6ef047e33f487c2d9b82547d55313c7823fa02e28c1fc3a5a672dd9
RumahAgen Cross/RUMAHAGEN-CROSS-AEP-STEP-06-D2-LEARNING-ECONOMY-SYNCHRONIZATION-v1.0_unzipped/RUMAHAGEN-CROSS-AEP-STEP-06-D2-POST-EDIT-RECONCILIATION-v1.0.md,3424,6b65aca64578ee16a68c745e54daeaa2e95b82e5818586e1dcaab40d25e79fae
RumahAgen Cross/RUMAHAGEN-CROSS-AEP-STEP-06-D2-LEARNING-ECONOMY-SYNCHRONIZATION-v1.0_unzipped/User-Flow-RUMAHAGEN-v1_4-CROSS-AEP-D2.md,29662,d4a2df5d4bd95f668b62343b263ddd7080f81cc1ccd1289b0ac6e5a561b6d94c
RumahAgen Cross/RUMAHAGEN-CROSS-AEP-STEP-06-D2-POST-EDIT-RECONCILIATION-v1.0.docx,37814,623a00cf509ef69543d5f9a3a4b124702e1df9d305b00fb928d56dc277e7e490
RumahAgen Cross/RUMAHAGEN-CROSS-AEP-STEP-07-D3-LEARNING-SESSION-SYNCHRONIZATION-v1.0_unzipped/API-Specification-RUMAHAGEN-v1_6-CROSS-AEP-D3.md,50778,0fb0f479ca543e4f03ec38e12e294d88e1bd962f662bcda0bab5cd7778fa6543
RumahAgen Cross/RUMAHAGEN-CROSS-AEP-STEP-07-D3-LEARNING-SESSION-SYNCHRONIZATION-v1.0_unzipped/Authorization-Access-Control-Specification-v1_4-CROSS-AEP-D3.md,38256,9bc521b838121c2db813b3275c95db17a4beb1366d944a6b73bf884cd944e557
RumahAgen Cross/RUMAHAGEN-CROSS-AEP-STEP-07-D3-LEARNING-SESSION-SYNCHRONIZATION-v1.0_unzipped/D3-LEARNING-SESSION-BUSINESS-RULE-TRACEABILITY-ADDENDUM-v1.0.md,2643,2a02b83754759f7e408278a6c98545e89dab91b3987c895cf1e86723ed0ad540
RumahAgen Cross/RUMAHAGEN-CROSS-AEP-STEP-07-D3-LEARNING-SESSION-SYNCHRONIZATION-v1.0_unzipped/Database-Dictionary-Migration-Ready-v1_3-CROSS-AEP-D3.md,10222,307563b940342893a6776c07927be4ace416aa6a5096a42967037e5d9b1b8615
RumahAgen Cross/RUMAHAGEN-CROSS-AEP-STEP-07-D3-LEARNING-SESSION-SYNCHRONIZATION-v1.0_unzipped/ERD-Skema-Database-RUMAHAGEN-v1_7-CROSS-AEP-D3.md,49592,84687b9b4b951c4e0b239ccd7b2d2b84029ed88389dccf3af6cabb491cc399de
RumahAgen Cross/RUMAHAGEN-CROSS-AEP-STEP-07-D3-LEARNING-SESSION-SYNCHRONIZATION-v1.0_unzipped/LEARNING-SESSION-PROVIDER-ADAPTER-INTEGRATION-CONTRACT-D3-v1.0.md,2075,db84b84d96cc3161bce9e359342c83a10f98f518408b5e9ffd3b7c90137d3ed3
RumahAgen Cross/RUMAHAGEN-CROSS-AEP-STEP-07-D3-LEARNING-SESSION-SYNCHRONIZATION-v1.0_unzipped/PRD-RUMAHAGEN-v1_6-CROSS-AEP-D3.md,86976,af80fb5440e9f750ff98b7135cf5bab8e05008086f91ee04b5d3e4613f06e9bf
RumahAgen Cross/RUMAHAGEN-CROSS-AEP-STEP-07-D3-LEARNING-SESSION-SYNCHRONIZATION-v1.0_unzipped/RUMAHAGEN-CROSS-AEP-STEP-07-D3-POST-EDIT-RECONCILIATION-v1.0.md,4332,98ba4f08b76bef2fc0b7eb8089006a1d058685808cbf60effe8f19739b8880f2
RumahAgen Cross/RUMAHAGEN-CROSS-AEP-STEP-07-D3-LEARNING-SESSION-SYNCHRONIZATION-v1.0_unzipped/User-Flow-RUMAHAGEN-v1_5-CROSS-AEP-D3.md,29967,164533134a7836fa5047fff850f4b854058f4ca256c794658c257cbe0ee3c02a
RumahAgen Cross/RUMAHAGEN-CROSS-AEP-STEP-07-D3-POST-EDIT-RECONCILIATION-v1.0.docx,37806,51a6121a436f5728af7e7f8ac98104716cc9f68faf9038bc53fedc78591914f9
RumahAgen Cross/RUMAHAGEN-CROSS-AEP-STEP-08-D4-POST-EDIT-RECONCILIATION-v1.0.docx,37702,b0241c5181a7502ddd740a60a322c65fd20093d0e19f43a6d7267d7dd0229a89
RumahAgen Cross/RUMAHAGEN-CROSS-AEP-STEP-08-D4-TITLE-AWARDING-SYNCHRONIZATION-v1.0_unzipped/API-Specification-RUMAHAGEN-v1_7-CROSS-AEP-D4.md,50974,0577d3869069816c9f208dc5e9a7f1f7d3f2c3d0646d5b3259305af0049f63d6
RumahAgen Cross/RUMAHAGEN-CROSS-AEP-STEP-08-D4-TITLE-AWARDING-SYNCHRONIZATION-v1.0_unzipped/Authorization-Access-Control-Specification-v1_5-CROSS-AEP-D4.md,38451,c49a68254ce5b3a38f51d01d048a609d7008db07b0f80190975dd3d4303e9c44
RumahAgen Cross/RUMAHAGEN-CROSS-AEP-STEP-08-D4-TITLE-AWARDING-SYNCHRONIZATION-v1.0_unzipped/D4-TITLE-AWARDING-BUSINESS-RULE-TRACEABILITY-ADDENDUM-v1.0.md,1960,ec460344416919359f865295e592a5f39385cbe385dd7cf077c3ace3cbfbd35d
RumahAgen Cross/RUMAHAGEN-CROSS-AEP-STEP-08-D4-TITLE-AWARDING-SYNCHRONIZATION-v1.0_unzipped/Database-Dictionary-Migration-Ready-v1_4-CROSS-AEP-D4.md,9981,7dc63094944848799791c0229e9b439b72a8a244d0669e871e61b0c023797ff9
RumahAgen Cross/RUMAHAGEN-CROSS-AEP-STEP-08-D4-TITLE-AWARDING-SYNCHRONIZATION-v1.0_unzipped/ERD-Skema-Database-RUMAHAGEN-v1_8-CROSS-AEP-D4.md,49395,46acf6427ff6ab92a8aa5a6470eb7e5fb10ec87e314e1883d9801d824a58042e
RumahAgen Cross/RUMAHAGEN-CROSS-AEP-STEP-08-D4-TITLE-AWARDING-SYNCHRONIZATION-v1.0_unzipped/PRD-RUMAHAGEN-v1_7-CROSS-AEP-D4.md,86997,a8ecf3e7daf79fdcc3a05f00137b16c66269ee6ae93fbb48910180e519e82248
RumahAgen Cross/RUMAHAGEN-CROSS-AEP-STEP-08-D4-TITLE-AWARDING-SYNCHRONIZATION-v1.0_unzipped/RUMAHAGEN-CROSS-AEP-STEP-08-D4-POST-EDIT-RECONCILIATION-v1.0.md,2916,a9db5a112717defaa29cceb952cdc02e9cee24a0e7705fe20eebf8a2557f5555
RumahAgen Cross/RUMAHAGEN-CROSS-AEP-STEP-08-D4-TITLE-AWARDING-SYNCHRONIZATION-v1.0_unzipped/User-Flow-RUMAHAGEN-v1_6-CROSS-AEP-D4.md,30011,6019a4c1b09780fd53706a6aa16a6fa6cfcdeaa565774590a1d2c70e96c0bcbd
RumahAgen Cross/RUMAHAGEN-CROSS-AEP-STEP-09-D5-CROSS-DOMAIN-RECONCILIATION-v1.0_unzipped/D5-CONTROLLED-RESIDUAL-REGISTER-v1.0.md,1726,e4d90d122804df3d80c74d176fd8c5e06db244d42874e70104b1ebd434e522ee
RumahAgen Cross/RUMAHAGEN-CROSS-AEP-STEP-09-D5-CROSS-DOMAIN-RECONCILIATION-v1.0_unzipped/D5-CROSS-DOMAIN-RECONCILIATION-MATRIX-v1.0.md,4376,7c4998a1b2fba9179c703f9247eeaa7073fa04d13c29e44e147f661bf9103890
RumahAgen Cross/RUMAHAGEN-CROSS-AEP-STEP-09-D5-CROSS-DOMAIN-RECONCILIATION-v1.0_unzipped/RUMAHAGEN-CROSS-AEP-STEP-09-D5-POST-EDIT-RECONCILIATION-v1.0.md,10766,9606beee8871b408d8aaa35c7c4cbb997a9ec66b917c47e1b0bf6078687a8554
RumahAgen Cross/RUMAHAGEN-CROSS-AEP-STEP-09-D5-POST-EDIT-RECONCILIATION-v1.0.docx,38815,dd559f4a85a741ab38c4df1d00c830ee9130755298b938685b7c5df830b89a80
RumahAgen Cross/RUMAHAGEN-CROSS-AEP-STEP-10-D6-GLOBAL-BASELINE-SYNCHRONIZATION-v1.0_unzipped/D6-CANONICAL-AEP-STATE-MATRIX-v1.0.md,734,9674b86df9a976f172ec14ade2dc9ee7e361f844d2bc7a58954fcc513b296752
RumahAgen Cross/RUMAHAGEN-CROSS-AEP-STEP-10-D6-GLOBAL-BASELINE-SYNCHRONIZATION-v1.0_unzipped/D6-CANONICAL-CROSS-AEP-HANDOFF-CONTRACTS-v1.0.md,1032,db4f6a842d7cf5f2794790ff285726d3ba669f49d6024f1bb8c46f00dfaea476
RumahAgen Cross/RUMAHAGEN-CROSS-AEP-STEP-10-D6-GLOBAL-BASELINE-SYNCHRONIZATION-v1.0_unzipped/D6-GLOBAL-CONTROLLED-RESIDUAL-REGISTER-v1.0.md,1382,58867b528136e9255b779ce0f685fb42574fccc15ea60f43ef45b171cb14e7cc
RumahAgen Cross/RUMAHAGEN-CROSS-AEP-STEP-10-D6-GLOBAL-BASELINE-SYNCHRONIZATION-v1.0_unzipped/D6-IMPLEMENTATION-AUTHORIZATION-HOLD-v1.0.md,724,3e337bf23e400eaf02bf9af799ed7b845ab1d3108a989f684e3d61cf66119d1a
RumahAgen Cross/RUMAHAGEN-CROSS-AEP-STEP-10-D6-GLOBAL-BASELINE-SYNCHRONIZATION-v1.0_unzipped/RUMAHAGEN-ARCHITECTURE-DECISION-RECORDS-v1.1-D6-CROSS-AEP-CONTROL.md,132385,37310ce49e5f530d6923556c2f1341430d99d23d7efd68190837410f6344609f
RumahAgen Cross/RUMAHAGEN-CROSS-AEP-STEP-10-D6-GLOBAL-BASELINE-SYNCHRONIZATION-v1.0_unzipped/RUMAHAGEN-CHANGELOG-v0.7.21-D6-GLOBAL-SYNCHRONIZED.md,173473,6383ed86af0b2c241c7f12ebf69c0c66be751525917147ad603081a152d44c8c
RumahAgen Cross/RUMAHAGEN-CROSS-AEP-STEP-10-D6-GLOBAL-BASELINE-SYNCHRONIZATION-v1.0_unzipped/RUMAHAGEN-CROSS-AEP-STEP-10-D6-POST-EDIT-RECONCILIATION-v1.0.md,2992,746409956d5a75f61cc9160075ba39dbd90324de6a126641561b48e1741b7a25
RumahAgen Cross/RUMAHAGEN-CROSS-AEP-STEP-10-D6-GLOBAL-BASELINE-SYNCHRONIZATION-v1.0_unzipped/RUMAHAGEN-CURRENT-PROJECT-STATE-rev11-D6-GLOBAL-SYNCHRONIZED.md,53592,3a571b0e16d8c600b73ed6483151f336b37ea6002b6b7943e9067f4455b4ec02
RumahAgen Cross/RUMAHAGEN-CROSS-AEP-STEP-10-D6-GLOBAL-BASELINE-SYNCHRONIZATION-v1.0_unzipped/RUMAHAGEN-PROJECT-CONSTITUTION-v1.10-D6-GLOBAL-SYNCHRONIZED.md,91946,5075c076cc1406de9effcb96a5459c1a609ec097f3202ba0e8600abb4c206a91
RumahAgen Cross/RUMAHAGEN-CROSS-AEP-STEP-10-D6-GLOBAL-BASELINE-SYNCHRONIZATION-v1.0_unzipped/RUMAHAGEN-SYSTEM-ARCHITECTURE-v1.7-D6-GLOBAL-SYNCHRONIZED.md,127590,c378a044531a4093ae6baee09b0029bd9ac68b7c3edf83aac2a8bf94dfdc4e35
RumahAgen Cross/RUMAHAGEN-CROSS-AEP-STEP-10-D6-GLOBAL-BASELINE-SYNCHRONIZATION-v1.0_unzipped/RUMAHAGEN-document-governance-baseline-register-v1.10-D6-GLOBAL-SYNCHRONIZED.md,128029,726e094363661c19d44a15157949650f1630c151e31c02a33c4521da490160e3
RumahAgen Cross/RUMAHAGEN-CROSS-AEP-STEP-10-D6-GLOBAL-BASELINE-SYNCHRONIZATION-v1.0_unzipped/RUMAHAGEN-project-manifest-v1.29-D6-GLOBAL-SYNCHRONIZED.md,141186,530e9cff26f42ecfda5ec71e846d64f53e7d999c4af5455d1e7cb3ddd190e1eb
RumahAgen Cross/RUMAHAGEN-CROSS-AEP-STEP-10-D6-POST-EDIT-RECONCILIATION-v1.0.docx,37983,2e38a8c64e651b14fbb24f1fbb1d0a42abe70bed9905bb9d6645037d8167c546
adr batch 1 source /00-FINAL-EXECUTIVE-SUMMARY.md,2962,7edab8dd414bd863ac7f2a687230f8da4986088054f7709594740812a8895e1b
adr batch 1 source /01-BATCH-1-GOVERNANCE-AUDIT.md,2777,8f94ab27db944ac4f2221f824053617c0b79e944a6ada2efbe1caa71231d590c
adr batch 1 source /02-BATCH-1-SOURCE-RECONSTRUCTION.md,12201,019b3516913ebd8d5deba85ff2e6f89d7e8b762ee0cea6b7c4537ff850a3b239
adr batch 1 source /03-BATCH-1-CANONICALITY-MATRIX.md,2782,4ee828565dde24b1b364eb57fa839e0c02d3f541cbba0903a0345618c1d8c83f
adr batch 1 source /04-BATCH-1-CONFLICT-REGISTER.md,11467,c65427d125bade742dfe0a06edb69575a2c6abebd3a9e3644e0476aa5a09b6e5
adr batch 1 source /05-BATCH-1-EVIDENCE-GAP-REGISTER.md,2910,9b6625b136a48e2cad453255079d883494a810a3799cd25de89037b26a9ca741
adr batch 1 source /06-BATCH-1-ADR-READINESS-MATRIX.md,3341,4d9cfa7385509f1efaf1c56dfd3775ce7bfa6e8d8d91b3749f9fc7236aaa0fd1
adr batch 1 source /07-BATCH-1-ADR-SEQUENCING-UPDATE.md,2698,cb09e6dd5e2071b5b7077b03c25cb823ec49a45ea17f169ed256f0d1c92f3443
adr batch 1 source /08-BATCH-1-DOWNSTREAM-IMPACT.md,2771,3d4c1592e11387a1b61696c7277decfc071d29f9a26ccb6052e9668b144e5343
adr batch 1 source /09-BATCH-1-BOLT-READINESS.md,5457,fbc70abd6b5c90e9bf88f6db5bc3b716d906665229d0662a548a1cd6a1c1629a
adr batch 1 source /10-BATCH-1-RECOMMENDATION.md,3524,7a1847fee0ed9f9443dad3d3873f4365b2555f40cffe8d9aea6ad399767cc27f
adr batch 1 source /ADR-BATCH-1-CROSS-CONFLICT-CHECK-v1.0.md,6557,20fea92de69954572e33fb83f18ae0c81ff4cc8915743d36c65e65a536f82740
adr batch 1 source /ADR-BATCH-1-DEPENDENCY-MATRIX-v1.0.md,5630,33eaffa8118701420bd34c99165255caea815dc4ab5359e7fec259d06790a784
adr batch 1 source /ADR-BATCH-1-DRAFTING-CONTROL-v1.0.md,17944,df5c3d44e9f00ae8793652b4d8771852cdddac2e7bc75352728337c6cdc22b76
adr batch 1 source /ADR-BATCH-1-EVIDENCE-PACK-MADCR-010.md,16193,b3f942f7e4a5f6b194670af871fd8de0ecc29526f8ca5f0dcba51530b1fdfbd8
adr batch 1 source /ADR-BATCH-1-EVIDENCE-PACK-MADCR-011.md,14493,0cdc845021f6eafbf63f4cc777842d88a27e943061cf829af67a3e744ea827ff
adr batch 1 source /ADR-BATCH-1-EVIDENCE-PACK-MADCR-036.md,15471,631d2d0141a4ab2cadb2d9a40135a5b93670873bd05cc3ef66b9387d0772944a
adr batch 1 source /ADR-BATCH-1-EVIDENCE-PACK-MADCR-046.md,13973,e0e2e84f25bb70324ff32fa985ca7a1642b4ad240b377a9c1ce49c7a6d3b452f
adr batch 1 source /ADR-BATCH-1-EVIDENCE-PACK-MADCR-049.md,14989,ea72f06e308b6ff9065350cdb4e4aae279572c240b5d9dc670b907b53a4bab25
adr batch 1 source /ADR-DRAFT-MADCR-010.md,8281,bd2b7822a2841e8dcdd8626115dd005a2ea7ae461a701389896b3cc442eec7e4
adr batch 1 source /ADR-DRAFT-MADCR-011.md,7342,46e0cc2f27a192a419d7edb361f3341e795fcb2039af65831f70a0eb3be4b1fa
adr batch 1 source /ADR-DRAFT-MADCR-036.md,9306,c429805fa3d4185a86f3e539428ac4974199fc41756d0b915f454686edfd49e2
adr batch 1 source /ADR-DRAFT-MADCR-046.md,7521,d87cccfac6cc85c91958a7ecfac109d85d2ea282acb9923963db962908ad2a55
batch 1 dan 2/RUMAHAGEN-ADR-002-MADCR-002-Payment-Provider-Adapter-Architecture-FINAL.docx,39044,368826ef9870f31d32fdb611e8e9bd249c462480005dd6f985f73fc95dd0ed84
batch 1 dan 2/RUMAHAGEN-ADR-003-MADCR-003-Payment-Verification-Idempotent-Fulfillment-FINAL.docx,38675,0d187c559dde8b9cfb77e83af6b0f74a398073e8459030fad61542edadb37f96
batch 1 dan 2/RUMAHAGEN-ADR-011-Payment-Module-Placement-FINAL.docx,39106,8ebb729c07761e29603ac42b06befe2903d017487866e965e6b7aff8965c5e03
batch 1 dan 2/RUMAHAGEN-BATCH-0-GOVERNANCE-READINESS-CANONICALIZATION-AUDIT-v1.0.docx,38841,ba92e2cec716602c5e9d0d512d6e4f13b6fb077d2d660d594fc95f9163ef7da1
batch 1 dan 2/RUMAHAGEN-BATCH-1-DOWNSTREAM-IMPACT-ALIGNMENT-AUDIT-v1.0.docx,39760,ec15ab45023419fc23717730833ff4753618dd781e598d4dee1eb1740cb34423
batch 1 dan 2/RUMAHAGEN-BATCH-2-CANDIDATE-STATUS-VERIFICATION-v1.0.docx,39267,f5129e9cc4fb13bc61b50c9533fc385156e992f0aa0aed9027afe4e65a7af9c3
batch 1 dan 2/RUMAHAGEN-COMMERCIAL-PAYMENT-DOMAIN-MODEL-ALIGNMENT-BASELINE-v1.0.docx,39292,6d1b8cf75a4a53be706647c270a2f9f0b034216567295707a41bca8aa25ad4b2
batch 1 dan 2/RUMAHAGEN-COMMERCIAL-PAYMENT-DOMAIN-MODEL-IMPACT-ALIGNMENT-REVIEW-v1.0.docx,40745,1bd0f8d1be25bed60d2478fe8be3e8d0a5c9aa8f6a0ecdf42cc5d00ce3c4b00f
batch 1 dan 2/RUMAHAGEN-COMMERCIAL-PAYMENT-EVIDENCE-COMPLETION-PASS-v1.0.pdf,28531,ed67f509216611c1c8dd0a4a752b2ffd2ad96efd36f2d4bb84e8216b29680fdd
batch 1 dan 2/RUMAHAGEN-MAEDR-BATCH-1-POST-APPROVAL-RECONCILIATION-v1.3.docx,39055,a3d0fc46c62ca4da2e373df0c5a9b950c5f3d7d6c1cfdb98bfc6b3f68ee2746b
batch 1 dan 2/RUMAHAGEN-MAEDR-BATCH-2-POST-APPROVAL-RECONCILIATION-v1.0.docx,38573,e6ca9128a5e6450f5ba1a83ffd032e9ff7fddd9f46ba8c7d8f5e7df12c82aa7e
batch 1 dan 2/RUMAHAGEN-MAEDR-BATCH-2-POST-APPROVAL-RECONCILIATION-v1.1.docx,38392,6e1947a862b7025f80994dfe98e0aa0a6e55838e6830d94637a7ac69d2a80f7f
batch 1 dan 2/RUMAHAGEN-MAEDR-BATCH-2-POST-APPROVAL-RECONCILIATION-v1.2.docx,38488,be855c5f91451d44b107622647433545612d5288c37d6d2a9ed8789d1df743f7
batch 1 dan 2/RUMAHAGEN-MASTER-BATCH-MATRIX-RECONCILIATION-v1.0.docx,39826,417e04a0f3f1dbf7a4f2bfa9604b2991f032187f74c3b34975b9c7a3efc54c5f
files (1)/00-FINAL-EXECUTIVE-SUMMARY.md,2962,7edab8dd414bd863ac7f2a687230f8da4986088054f7709594740812a8895e1b
files (1)/01-BATCH-1-GOVERNANCE-AUDIT.md,2777,8f94ab27db944ac4f2221f824053617c0b79e944a6ada2efbe1caa71231d590c
files (1)/02-BATCH-1-SOURCE-RECONSTRUCTION.md,12201,019b3516913ebd8d5deba85ff2e6f89d7e8b762ee0cea6b7c4537ff850a3b239
files (1)/03-BATCH-1-CANONICALITY-MATRIX.md,2782,4ee828565dde24b1b364eb57fa839e0c02d3f541cbba0903a0345618c1d8c83f
files (1)/04-BATCH-1-CONFLICT-REGISTER.md,11467,c65427d125bade742dfe0a06edb69575a2c6abebd3a9e3644e0476aa5a09b6e5
files (1)/05-BATCH-1-EVIDENCE-GAP-REGISTER.md,2910,9b6625b136a48e2cad453255079d883494a810a3799cd25de89037b26a9ca741
files (1)/06-BATCH-1-ADR-READINESS-MATRIX.md,3341,4d9cfa7385509f1efaf1c56dfd3775ce7bfa6e8d8d91b3749f9fc7236aaa0fd1
files (1)/07-BATCH-1-ADR-SEQUENCING-UPDATE.md,2698,cb09e6dd5e2071b5b7077b03c25cb823ec49a45ea17f169ed256f0d1c92f3443
files (1)/08-BATCH-1-DOWNSTREAM-IMPACT.md,2771,3d4c1592e11387a1b61696c7277decfc071d29f9a26ccb6052e9668b144e5343
files (1)/09-BATCH-1-BOLT-READINESS.md,5457,fbc70abd6b5c90e9bf88f6db5bc3b716d906665229d0662a548a1cd6a1c1629a
files (1)/10-BATCH-1-RECOMMENDATION.md,3524,7a1847fee0ed9f9443dad3d3873f4365b2555f40cffe8d9aea6ad399767cc27f
files (1)/ADR-DRAFT-MADCR-010.md,8281,bd2b7822a2841e8dcdd8626115dd005a2ea7ae461a701389896b3cc442eec7e4
files (1)/ADR-DRAFT-MADCR-011.md,7342,46e0cc2f27a192a419d7edb361f3341e795fcb2039af65831f70a0eb3be4b1fa
files (1)/ADR-DRAFT-MADCR-036.md,9306,c429805fa3d4185a86f3e539428ac4974199fc41756d0b915f454686edfd49e2
files (1)/ADR-DRAFT-MADCR-046.md,7521,d87cccfac6cc85c91958a7ecfac109d85d2ea282acb9923963db962908ad2a55
marb batch 1 governance/01-ARB-BATCH-1-EXECUTIVE-SUMMARY.md,3170,3524815ce8e26dbbcbd3dde46383e5955f066d9860f8fc69055ce1e8220118a2
marb batch 1 governance/02-ARB-BATCH-1-DECISION-AGENDA.md,2461,a2cee8be8b167ddce02465d7cfe4fae0969810f8e1318436b5cc0c5ebd4e3e21
marb batch 1 governance/03-ARB-CR-06-ADR-NUMBERING-DECISION-BRIEF.md,9127,eb11d2e0b1094a3d0a042c78d5c8ea51b622e8dfa30f6a4c9a8c9a50c20cd477
marb batch 1 governance/04-ARB-CR-01-036-046-DEPENDENCY-DECISION-BRIEF.md,5014,1090faee5c912ae303bb8d43d28fd3f6fb7122042de7cb0f08c5fa8e7dd35ddc
marb batch 1 governance/05-ARB-MADCR-036-TITLE-DECISION-BRIEF.md,5319,cc9cbcf02c314aeb87d1213625a2f6ff29c9fe2e53ffd5e7b0ebfc1f16672795
marb batch 1 governance/06-ARB-MADCR-046-CERTIFICATE-TITLE-DECISION-BRIEF.md,5182,67f8c443a991eaebae204670ee56e885e07d96a8766704f53f93b707a46172c4
marb batch 1 governance/07-ARB-CR-05-COMMERCIAL-AEP-DECISION-BRIEF.md,6813,ee759e3f485dec6dc42da0c84e90e4b7204c21050a6fd99426ef196500546e49
marb batch 1 governance/08-ARB-MADCR-010-ENTITLEMENT-QUOTA-DECISION-BRIEF.md,5567,93269c74ac3cdaf21d3fb48494d9bff22a7ab983c044d8be785330eb1f8c942a
marb batch 1 governance/09-ARB-MADCR-011-PAYMENT-PLACEMENT-DECISION-BRIEF.md,4630,262debde3ceff9c1a1d1b20060b7edcd7f1ac0c36648bdb3e70ba43f90e9cae2
marb batch 1 governance/10-ARB-MADCR-049-EVIDENCE-RECOVERY-REQUEST.md,4747,8c20b85e8e676166231ab1bf50275c04da3b805c748b810b264704fd7a6ae163
marb batch 1 governance/11-ARB-BATCH-1-APPROVAL-MATRIX.md,1728,d9de43c9931dac091b27d263e7981c280fe39858b4ad42afd2701383daae2f49
marb batch 1 governance/12-ARB-BATCH-1-DECISION-RECORD-TEMPLATE.md,830,e1d94007a181fcd1fdbb39803484c9df38a1a9e4ef083294b18ff3f30807a68a
marb batch 1 governance/13-ARB-BATCH-1-DOWNSTREAM-CASCADE.md,2702,3c03aeca08c088c840f727a3367e8bc620ae891c7622a0e59005027761b11528
marb batch 1 governance/14-ARB-BATCH-1-BOLT-IMPACT-STATEMENT.md,1963,abb989e6694d8a006a33091b51050c2fc6a74fcb5637b42f5c4e936b317eab8a
marb batch 1 governance/15-ARB-BATCH-1-DECISION-GRAPH.md,2272,9e613494110302c8e1bb28b1722636e2c9e3f4823b16e6f5b5815575402b8714
marb batch 1 governance/16-ARB-BATCH-1-PRE-READ.md,3626,2e3c1185f18a924be38ec0870be4eafdc7e2660d0090f0ed040e86ec023645a4
marb batch 1 governance/17-ARB-BATCH-1-CONSISTENCY-CHECK.md,2968,51f5c1f2476c5fbdf842b7b426aec6f7b9f7a9c93ee658680257f3c497e9d1f4
rumah agen AEP and BR package/AEP_Learning_Economy_v1.0.md,16846,2853c748daa578cba237f485edff8577e671cb56839d8e2953015c0ec7bb4889
rumah agen AEP and BR package/AEP_Monetization_Subscription_Promotion_Payment_Gateway_v1.0.md,11521,0e77c59e756c9700a371bc8c7c536d9715d285479cfd1994baba23d8540966d3
rumah agen AEP and BR package/AEP_Title_Business_Rules_Baseline_v1.0.md,21289,39c7b21190c66ed38efea3778b1ae68f82407ed7771a40e67c5349c482c69a2f
rumah agen AEP and BR package/Business_Rules_Learning_Economy_RumahAgen_v1.0.md,20601,edd01f32d9552d819e365cea8c9cae2b0d4c5ba6fb35fb6d263c574c98ca6409
rumah agen AEP and BR package/Learning_Session_Architecture_Evolution_v2(1).pdf,4394,17b63e4019cd43ca657f0d030d8f92c924e56ee6c7fb2db695635cfa64c28651
rumah agen AEP and BR package/RUMAHAGEN_Architecture_Evolution_Monetization_Subscription_Promotion_v1.1.docx,43812,bd13a988f9eec02c5a620c1de1e45a320c189c591653dbdc2c8291315aa2fdb8
rumah agen AEP and BR package/RUMAHAGEN_Business_Rules_Baseline_v1.0_FINAL.docx,45753,577ce601bdab043421a7412cb70e93363d60634d922ff88fa08dd6bd7a2127e3
rumah agen AEP and BR package/RUMAHAGEN_CURRENT_ARCHITECTURE_IMPACT_ANALYSIS_v1.0.md,24193,5fd41eaf447acbcfd501924c3b2964134fc842c77ef5eb68142e3267ebaf4677
rumah agen AEP and BR package/RUMAHAGEN_Learning_Session_AEP_and_Business_Rules_v1.0.md,21016,8d8ced84fb29e1a4e27be7061c377b9f93ebdf3fa55d7147c8072973065fb15e
rumah agen AEP and BR package/Title_Business_Rules_Baseline_v1.0_Consolidated.md,19022,b29db9332ab374e22eaee51f4b9f2835903001da22c037faef9cca9d53cac1d1
rumahagen post AEP readyness/RUMAHAGEN-MADCR-049-FORMAL-DECISION-CLOSURE-v1.0.docx,39701,aaa1d84e7af7b2e895b34930d478a78867d5b7b0b8f9e92a49b5847ddd4c1b37
rumahagen post AEP readyness/RUMAHAGEN-MADCR-053-DECISION-BRIEF-CROSS-DOMAIN-PERMISSION-TAXONOMY-v1.0.docx,39284,b8b6e095c4547844e29f1dff5eed40aac65349eecb7a48474c6567bf3f49a7cc
rumahagen post AEP readyness/RUMAHAGEN-MADCR-053-FORMAL-DECISION-CLOSURE-v1.0.docx,38485,97ad0612c9c1e35f1bee9f4248baedfda817538a6eb87ba8e05f128f970832ad
rumahagen post AEP readyness/RUMAHAGEN-MADCR-054-FORMAL-DECISION-CLOSURE-v1.0.docx,38905,0578cbaca9229e0c987cc52495cdf127f8a831bc9f73588c4258d3ba0bf12b6b
rumahagen post AEP readyness/RUMAHAGEN-P1-CURRENT-TECHNICAL-BASELINE-VERIFICATION-v1.0.docx,41274,5775a22d40921ab54db2b43d79b1a28ecf1811d3fd3730703ddeb55cdebb5b70
rumahagen post AEP readyness/RUMAHAGEN-P3-TECHNICAL-EXECUTION-AUTHORIZATION-GATE-v1.0.docx,41663,eaf7ce1a9a39275a509c78b6184d84c2de21b4f39c9d0ec4bbfb8cb281cdb900
rumahagen post AEP readyness/RUMAHAGEN-POST-AEP-IMPLEMENTATION-READINESS-RESIDUAL-CLOSURE-GATE-v1.0.docx,42435,0e6fe9762defe99ca96a0c9e2e39ffdf3a774382734c420d1732eee8550c196d
rumahagen post AEP readyness/RUMAHAGEN-R1-MADCR-049-EVIDENCE-RECOVERY-RE-EVALUATION-v1.0.docx,40643,f8499101d8f59a6728afdd89725aaf3e09e42edc25c5c44c87490eef20d26836
rumahagen post AEP readyness/RUMAHAGEN-R2-MADCR-053-054-GOVERNANCE-READINESS-ASSESSMENT-v1.0.docx,39865,e5744998fabf215ffd3ee082945ad9e466efbe5a542a63401eeff8ff20a90df8
rumahagen post AEP readyness/RUMAHAGEN-R4-AEP3-OD02-05-PHYSICAL-READINESS-ASSESSMENT-v1.0.docx,40418,20f63aabaedcc10f1ce33bd5b71b1923cfbc77052920fed94f44cb2b249426a6
rumahagen post AEP readyness/RUMAHAGEN-TECHNICAL-EXECUTION-AUTHORIZATION-PACKAGE-v1.0.docx,41389,f049ad6b1aea68c594469d18155584ec4301f65a098af86f968503493ba9166a
rumahagen tech synch 1-28/RUMAHAGEN-PROJECT-KNOWLEDGE-REFRESH-CURRENT-STATE-v1.0.docx,42339,0d47540f87cf59b2802a1739813caa117963032d3adac5290504f0fb2ebe7e84
rumahagen tech synch 1-28/RUMAHAGEN-TECH-01-INDEPENDENT-TECHNICAL-PRODUCT-RESIDUAL-CLOSURE-v1.0.docx,39798,9b3bcfeb5a9169f12773e712e386c8d6fb2b7ea3d50471bcf266ae4136be5327
rumahagen tech synch 1-28/RUMAHAGEN-TECH-02-VISIBILITY-AUTHORIZATION-SCOPE-RECONCILIATION-v1.0.docx,39679,4c2eff9066b0fd41d3128600eb7a7e70017e730f6a30880534b61ddadee9b3b7
rumahagen tech synch 1-28/RUMAHAGEN-TECH-03-AUTHORIZATION-RBAC-RECONCILIATION-READINESS-v1.0.docx,40439,9dcce779e4fd414227e80f415b55df78b14c7df18c7bc8877513b0214d17e353
rumahagen tech synch 1-28/RUMAHAGEN-TECH-04-PERMISSION-CATALOGUE-SCOPE-RECONCILIATION-v1.0.docx,40452,cc851b8ddb873e5fe42ff21fd82a65732c39d6db4038f489d28489abe43e1241
rumahagen tech synch 1-28/RUMAHAGEN-TECH-05-AUTHORIZATION-SCOPE-RLS-DESIGN-READINESS-v1.0.docx,41069,29485f3468e6d62be9dfabed1c70ef9eda1b545f98515e126f1f488e52edf2cb
rumahagen tech synch 1-28/RUMAHAGEN-TECH-06-LEARNING-SESSION-RESOURCE-SCOPE-RELATIONSHIP-DESIGN-v1.0.docx,40432,b131b8dc2da230ea4231a1d08e6b20259491daac9f452ac768783ef0b8be79a4
rumahagen tech synch 1-28/RUMAHAGEN-TECH-07-PHYSICAL-SESSION-SCOPE-SCHEMA-IMPACT-EVIDENCE-REVIEW-v1.0.docx,40671,4ba1365e7acc05dcb8725f3e3c0b115561ab575228244aeba9a1525cfc0e2866
rumahagen tech synch 1-28/RUMAHAGEN-TECH-08-SESSION-PHYSICAL-RELATIONSHIP-DECISION-GATE-v1.0.docx,40292,19ecbbdaa2bf2c79d135d498e7893d78d46ba479bfb005c74ed3158dbb702be1
rumahagen tech synch 1-28/RUMAHAGEN-TECH-09-PHYSICAL-ERD-SCHEMA-DELTA-SPECIFICATION-v1.0.docx,42491,1938282dc5b2e55a803eedf8bdf3dbd7ca92b87d3945432c07a8b03881088d97
rumahagen tech synch 1-28/RUMAHAGEN-TECH-10-PHYSICAL-DATABASE-MIGRATION-READINESS-v1.0.docx,42981,3b7183e07a56e181140f06070e8567f84a363a21f6576194f76807cc623fe453
rumahagen tech synch 1-28/RUMAHAGEN-TECH-11-MIGRATION-PACKAGE-v1.0_unzipped/RUMAHAGEN-TECH-11-MIGRATION-SPECIFICATION-DRAFT-v1.0.sql,14661,48837885c6f2c3026bb0b046dffb3d7832fcc0b3d1fae5f913933ea9fff4c88a
rumahagen tech synch 1-28/RUMAHAGEN-TECH-11-MIGRATION-PACKAGE-v1.0_unzipped/RUMAHAGEN-TECH-11-MIGRATION-SPECIFICATION-VERIFICATION-PACKAGE-v1.0.docx,41565,273cf4ef58819a4dc93b8fd37aeb26d1943d464e7cacb87a6da2fe4690a3d69d
rumahagen tech synch 1-28/RUMAHAGEN-TECH-11-MIGRATION-SPECIFICATION-DRAFT-v1.0.sql,14661,48837885c6f2c3026bb0b046dffb3d7832fcc0b3d1fae5f913933ea9fff4c88a
rumahagen tech synch 1-28/RUMAHAGEN-TECH-11-MIGRATION-SPECIFICATION-VERIFICATION-PACKAGE-v1.0.docx,41565,273cf4ef58819a4dc93b8fd37aeb26d1943d464e7cacb87a6da2fe4690a3d69d
rumahagen tech synch 1-28/RUMAHAGEN-TECH-12-MIGRATION-DRAFT-REMEDIATED-v1.1.sql,16653,92ae008d65bb8b1bb54e36fa45639d8e35d479fdbd84e2bc2cb3f7991805ee5b
rumahagen tech synch 1-28/RUMAHAGEN-TECH-12-MIGRATION-VERIFICATION-DRY-RUN-REVIEW-v1.0.docx,40757,0348c1cc95a6317b88cecb615eb32ca887d2b97791ff64e0c8634c84dd936b26
rumahagen tech synch 1-28/RUMAHAGEN-TECH-12-VERIFICATION-PACKAGE-v1.0_unzipped/RUMAHAGEN-TECH-12-MIGRATION-DRAFT-REMEDIATED-v1.1.sql,16653,92ae008d65bb8b1bb54e36fa45639d8e35d479fdbd84e2bc2cb3f7991805ee5b
rumahagen tech synch 1-28/RUMAHAGEN-TECH-12-VERIFICATION-PACKAGE-v1.0_unzipped/RUMAHAGEN-TECH-12-MIGRATION-VERIFICATION-DRY-RUN-REVIEW-v1.0.docx,40757,0348c1cc95a6317b88cecb615eb32ca887d2b97791ff64e0c8634c84dd936b26
rumahagen tech synch 1-28/RUMAHAGEN-TECH-13-FINAL-MIGRATION-CANDIDATE-AUTHORIZATION-GATE-v1.0.docx,39696,258a1f8e3a7124117dbc1f215e96ba49a0e1cfffaeef51819409a24f3de7ad4a
rumahagen tech synch 1-28/RUMAHAGEN-TECH-13-FINAL-MIGRATION-CANDIDATE-PACKAGE-v1.0_unzipped/RUMAHAGEN-TECH-13-FINAL-MIGRATION-CANDIDATE-AUTHORIZATION-GATE-v1.0.docx,39696,258a1f8e3a7124117dbc1f215e96ba49a0e1cfffaeef51819409a24f3de7ad4a
rumahagen tech synch 1-28/RUMAHAGEN-TECH-13-FINAL-MIGRATION-CANDIDATE-PACKAGE-v1.0_unzipped/RUMAHAGEN-TECH-13-FINAL-MIGRATION-CANDIDATE-v1.0.sql,16653,92ae008d65bb8b1bb54e36fa45639d8e35d479fdbd84e2bc2cb3f7991805ee5b
rumahagen tech synch 1-28/RUMAHAGEN-TECH-13-FINAL-MIGRATION-CANDIDATE-v1.0.sql,16653,92ae008d65bb8b1bb54e36fa45639d8e35d479fdbd84e2bc2cb3f7991805ee5b
rumahagen tech synch 1-28/RUMAHAGEN-TECH-14-STAGING-RUNTIME-VERIFICATION-READINESS-v1.0.docx,40292,443a3145b2c0f654ecd24d5729130fc4a20ba0eaf84231b2b9cf7a1b1e59362e
rumahagen tech synch 1-28/RUMAHAGEN-TECH-14-VERIFICATION-PACKAGE-v1.0_unzipped/RUMAHAGEN-TECH-14-FROZEN-CANDIDATE-REFERENCE-v1.0.sql,16653,92ae008d65bb8b1bb54e36fa45639d8e35d479fdbd84e2bc2cb3f7991805ee5b
rumahagen tech synch 1-28/RUMAHAGEN-TECH-14-VERIFICATION-PACKAGE-v1.0_unzipped/RUMAHAGEN-TECH-14-STAGING-RUNTIME-VERIFICATION-READINESS-v1.0.docx,40292,443a3145b2c0f654ecd24d5729130fc4a20ba0eaf84231b2b9cf7a1b1e59362e
rumahagen tech synch 1-28/RUMAHAGEN-TECH-15-PERMISSION-CATALOGUE-RECONCILIATION-STAGING-AUTHORIZATION-v1.0.docx,40127,83e34256df73a99c851060ba648aa7a68b46e20f15dad3168ea8ef4a0e1a3ed3
rumahagen tech synch 1-28/RUMAHAGEN-TECH-15-R1-AND-TECH-16-R1-CORRECTION-PACKAGE-v1.0_unzipped/RUMAHAGEN-TECH-15-R1-PERMISSION-CATALOGUE-RECONCILIATION-v1.0.docx,39494,51c8eb5df943cc70efd53dfd6b3524d3cc61960f1cdf82a9b382ecdfa3828655
rumahagen tech synch 1-28/RUMAHAGEN-TECH-15-R1-AND-TECH-16-R1-CORRECTION-PACKAGE-v1.0_unzipped/RUMAHAGEN-TECH-16-R1-PROVIDER-CAPABILITY-VERIFICATION-v1.0.docx,38889,27198b7d91eda30eb5f76aba50bcbb7e85657f232f032bc3185fd262aa15e928
rumahagen tech synch 1-28/RUMAHAGEN-TECH-15-R1-PERMISSION-CATALOGUE-RECONCILIATION-v1.0.docx,39494,51c8eb5df943cc70efd53dfd6b3524d3cc61960f1cdf82a9b382ecdfa3828655
rumahagen tech synch 1-28/RUMAHAGEN-TECH-15-RECONCILIATION-PACKAGE-v1.0_unzipped/RUMAHAGEN-TECH-13-FINAL-MIGRATION-CANDIDATE-v1.0.sql,16653,92ae008d65bb8b1bb54e36fa45639d8e35d479fdbd84e2bc2cb3f7991805ee5b
rumahagen tech synch 1-28/RUMAHAGEN-TECH-15-RECONCILIATION-PACKAGE-v1.0_unzipped/RUMAHAGEN-TECH-15-PERMISSION-CATALOGUE-RECONCILIATION-STAGING-AUTHORIZATION-v1.0.docx,40127,83e34256df73a99c851060ba648aa7a68b46e20f15dad3168ea8ef4a0e1a3ed3
rumahagen tech synch 1-28/RUMAHAGEN-TECH-16-PROVIDER-CAPABILITY-VERIFICATION-PACKAGE-v1.0_unzipped/RUMAHAGEN-TECH-16-PROVIDER-CAPABILITY-VERIFICATION-v1.0.docx,41284,22559a10583e2a8f63dc647b69e12d7fc10670278aecbf8b185de7a86f90d8d3
rumahagen tech synch 1-28/RUMAHAGEN-TECH-16-PROVIDER-CAPABILITY-VERIFICATION-v1.0.docx,41284,22559a10583e2a8f63dc647b69e12d7fc10670278aecbf8b185de7a86f90d8d3
rumahagen tech synch 1-28/RUMAHAGEN-TECH-16-R1-PROVIDER-CAPABILITY-VERIFICATION-v1.0.docx,38889,27198b7d91eda30eb5f76aba50bcbb7e85657f232f032bc3185fd262aa15e928
rumahagen tech synch 1-28/RUMAHAGEN-TECH-17-SESSION-TECHNICAL-RESIDUAL-CLOSURE-v1.0.docx,40944,d8e4a368fbe1b402ed8b0545ca6a5d511631e61b7d64fcc5ba23d3dc8651a5c5
rumahagen tech synch 1-28/RUMAHAGEN-TECH-18-TECHNICAL-EXECUTION-AUTHORIZATION-CONSOLIDATION-v1.0.docx,41550,2d36a3563696464468cb58d38f2aca5cb4317dc1121f23bc2f86c9d1578109bc
rumahagen tech synch 1-28/RUMAHAGEN-TECH-19-PHYSICAL-AUTHORIZATION-SCOPE-RLS-DESIGN-PACKAGE-v1.0.docx,41463,248b421ac4aeaba7e4e9651828719ecb05417ec9d6b0a512191ff0217945698b
rumahagen tech synch 1-28/RUMAHAGEN-TECH-19-R1-PHYSICAL-AUTHORIZATION-SCOPE-RLS-DESIGN-PACKAGE-v1.0.docx,41459,c4736b6a2a1ebb69331764877cc30054d7fb6740778cd4d4c94ac45c39190475
rumahagen tech synch 1-28/RUMAHAGEN-TECH-20-PHYSICAL-AUTHORIZATION-CATALOGUE-CLOSURE-v1.0.docx,42605,fef592c7e6acecef135efffaf526878c70497ca733a248d994daa89b62c88abd
rumahagen tech synch 1-28/RUMAHAGEN-TECH-21-SESSION-PERMISSION-CATALOGUE-ROLE-MAPPING-v1.0.docx,40828,9726c45b3fea055f06bbcd37cd53ba4ed9bd4bb54c88fa3be2c263d070b07786
rumahagen tech synch 1-28/RUMAHAGEN-TECH-22-RESOURCE-LEVEL-SESSION-AUTHORIZATION-EVIDENCE-GATE-v1.0.docx,40162,9b41be4809a104c63b28b3de00b36b176f751bacdb19cf4b74a507c96ffcd687
rumahagen tech synch 1-28/RUMAHAGEN-TECH-23-PHYSICAL-SESSION-ASSIGNMENT-SCHEMA-RLS-SPECIFICATION-v1.0.docx,42042,59bfd7a5b65b5bbf243e13c124ef0e7c04a2c4360bf79a8fdf8fa0c4cc425be7
rumahagen tech synch 1-28/RUMAHAGEN-TECH-24-SESSION-ASSIGNMENT-MIGRATION-RLS-CANDIDATE-v1.0.docx,40734,39aaf02995da5b1c979fe0cafa387c2ae71c1b0b116ce45f699416a9484bd772
rumahagen tech synch 1-28/RUMAHAGEN-TECH-24-SESSION-ASSIGNMENT-MIGRATION-RLS-CANDIDATE-v1.0.sql,3082,cccd1957e7d60944000b34fd04d143a15243efb6107e570435c266d3cc840cf0
rumahagen tech synch 1-28/RUMAHAGEN-TECH-24-SESSION-ASSIGNMENT-STATIC-VERIFICATION-v1.0.sql,2824,4dfee2c6a3c97bc4a6f545992189fa59ff1ac081f98871383997133367028c36
rumahagen tech synch 1-28/RUMAHAGEN-TECH-25-CONSOLIDATED-SESSION-MIGRATION-CANDIDATE-v1.0.docx,40893,406c34becfc3f64e2a9587fb75568bf684adddfb6d021a4efbf32ebe5345de39
rumahagen tech synch 1-28/RUMAHAGEN-TECH-25-CONSOLIDATED-SESSION-MIGRATION-CANDIDATE-v1.0.sql,18925,5c6f9fa31bbd9beb5febfd9ea8e64fb5d939b621be483034a6f4ae3756498693
rumahagen tech synch 1-28/RUMAHAGEN-TECH-25-STATIC-VERIFICATION-v1.0.sql,3391,532e4f2f50ec87253fcb533075ac52fe5a2788cc74ba5e752e48dc4111fb540e
rumahagen tech synch 1-28/RUMAHAGEN-TECH-26-AUTHORIZATION-SEED-CANDIDATE-v1.0.sql,4963,4fb267c93bb99cb43d942d7c59589824317691dbe2956f4d05777aab9bf4523c
rumahagen tech synch 1-28/RUMAHAGEN-TECH-26-AUTHORIZATION-SEED-RECONCILIATION-v1.0.docx,41099,96651bb0320da4379024becc98e91191bd980ab56cd826ef4d5c7206c6d13a69
rumahagen tech synch 1-28/RUMAHAGEN-TECH-26-AUTHORIZATION-SEED-STATIC-VERIFICATION-v1.0.sql,2378,fd41cdad8f73bc410db07692a3a3eaa38e3e16af0623a894f303eb988ecf2487
rumahagen tech synch 1-28/RUMAHAGEN-TECH-27-AUTHORIZATION-SEED-DECISION-MATRIX-v1.0.csv,741,f60e8ed2dfa31f12a61952391dc0db824d7b170975ff8e72842ca65ce30027c9
rumahagen tech synch 1-28/RUMAHAGEN-TECH-27-FINAL-AUTHORIZATION-SEED-GATE-v1.0.docx,40368,b42c5f8c0c3612298728fe2fbda5b28778b410cf55faebfb7c99a0711c5d0309
rumahagen tech synch 1-28/RUMAHAGEN-TECH-28-AUTHORIZATION-SEED-FREEZE-RLS-MAPPING-v1.0.docx,40744,6949b92bac0bb2c7192ae69f18760f628274c79acbabc894228af97da774877d
rumahagen tech synch 1-28/RUMAHAGEN-TECH-28-FINAL-AUTHORIZATION-SEED-CANDIDATE-v1.0.sql,5084,bc73b91bdc9a6fccdc09f5dd8e3032040613d2452d52986563bb46c4057524ba
rumahagen tech synch 1-28/RUMAHAGEN-TECH-28-FINAL-AUTHORIZATION-STATIC-VERIFICATION-v1.0.sql,2880,4620d63314e5fdf051d701fef0cff40e1fd791d5f548222c75bdeab5c2c98759
rumahagen tech synch 1-28/RUMAHAGEN-TECH-SYNC-KNOWLEDGE-REFRESH-ADDENDUM-v1.1 (1).docx,39582,d1bdec7408cdda972edd9a74276fd6f0f7a4606d14728e5c9aac73d2122a6364
rumahagen tech synch 1-28/RUMAHAGEN-TECH-SYNC-KNOWLEDGE-REFRESH-ADDENDUM-v1.1.docx,39582,d1bdec7408cdda972edd9a74276fd6f0f7a4606d14728e5c9aac73d2122a6364
