file,size_bytes,sha256
01_STEP05_CONFLICT_RESOLUTION_REGISTER_FULL_v1.0.csv,6373,3f605a49978a9f35a171e8ea7ab95d5866f2b08b11c7c01df20ded07950565e1
02_STEP05_CORE_EVIDENCE_ANCHOR_REGISTER_FULL_v1.0.csv,1946,a156ec4700e27bfd641a23ccb317c8e5b1a8bd17f93556313fd5175035fa44a1
03_STEP05_CORE_DETAIL_PRESERVATION_MATRIX_FULL_v1.0.csv,1138,d9f79f570fc3a1b57036c6182c7b9c7def6338ab1e6b73409a71938b464ae63d
04_STEP05_PROVENANCE_AND_DECISION_CHAIN_FULL_v1.0.csv,1902,1dcffe5f63187531b54669bcbf441f909718f7f84292123dae8ab92107f06d39
05_STEP05_INPUT_INTEGRITY_DEEP_SCAN_FULL_v1.0.csv,1153,b8d40d17561ce4262fa594fd7f427afbe57394440d437b710cd6e601b35a215a
06_STEP05_POST_RESOLUTION_CONFLICT_RESCAN_FULL_v1.0.csv,851,38bfe2aee1c1dff8a5acb9d30198b159212598f448f5ecb812e6543c68e33c31
07_STEP05_EXECUTION_CHECKLIST_FULL_v1.0.md,714,524efe62942d87a9e61065ce62ec4baa6bba61d938d51174e4b418af334dca9f
README_STEP05_FULL_VERSION_v1.0.md,482,1e4825b780dff13bc6c33c720ed11d850435ebeecd85ce87f334548b15d0a831
STEP05_FULL_REPORT_v1.0.md,15243,2f47e6b2e4c2e1c76ae7797107a3b7ac73222e8c8da211f33e1afbbf796d380b
